ImageId,PredictedLabel,TrueLabel
1,17,17
2,6,6
3,5,5
4,34,34
5,29,29
6,28,28
7,19,19
8,8,8
9,18,18
10,24,24
11,25,25
12,3,3
13,5,5
14,21,21
15,1,1
16,28,28
17,2,2
18,6,6
19,32,32
20,11,11
21,14,14
22,20,20
23,22,22
24,0,0
25,2,2
26,15,15
27,16,16
28,13,13
29,13,13
30,34,34
31,15,15
32,25,25
33,9,9
34,28,28
35,3,3
36,16,16
37,19,19
38,33,33
39,12,12
40,33,33
41,23,23
42,6,6
43,11,11
44,2,2
45,14,14
46,32,32
47,14,14
48,29,29
49,4,4
50,27,27
51,24,24
52,28,28
53,34,34
54,25,25
55,17,17
56,15,15
57,6,6
58,33,33
59,1,1
60,9,9
61,17,17
62,8,8
63,9,9
64,17,17
65,25,25
66,0,0
67,16,16
68,8,8
69,32,32
70,1,1
71,7,7
72,19,19
73,24,24
74,18,18
75,18,18
76,19,19
77,5,5
78,20,20
79,0,0
80,4,4
81,1,1
82,19,19
83,12,12
84,29,29
85,22,22
86,6,6
87,14,14
88,2,2
89,9,9
90,17,17
91,24,24
92,2,2
93,11,11
94,13,13
95,13,13
96,21,21
97,21,21
98,22,22
99,22,22
100,3,3
101,31,31
102,9,9
103,0,0
104,29,29
105,31,31
106,30,30
107,4,4
108,12,12
109,32,32
110,9,9
111,20,20
112,33,33
113,13,13
114,25,25
115,28,28
116,20,20
117,15,15
118,1,1
119,22,22
120,11,11
121,1,1
122,9,9
123,34,34
124,25,25
125,25,25
126,10,10
127,20,20
128,5,5
129,34,34
130,24,24
131,30,30
132,34,34
133,26,26
134,25,25
135,25,25
136,12,12
137,14,14
138,6,6
139,12,12
140,7,7
141,4,4
142,34,34
143,15,15
144,6,6
145,29,29
146,0,0
147,14,14
148,1,1
149,4,4
150,20,20
151,8,8
152,33,33
153,24,24
154,4,4
155,2,2
156,20,20
157,29,29
158,13,13
159,11,11
160,9,9
161,13,13
162,20,20
163,9,9
164,13,13
165,5,5
166,13,13
167,19,19
168,8,8
169,23,23
170,0,0
171,21,21
172,11,11
173,6,6
174,20,20
175,7,7
176,15,15
177,0,0
178,24,24
179,28,28
180,11,11
181,25,25
182,18,18
183,24,24
184,25,25
185,24,24
186,8,8
187,21,21
188,11,11
189,4,4
190,10,10
191,17,17
192,21,21
193,32,32
194,33,33
195,29,29
196,24,24
197,2,2
198,17,17
199,2,2
200,23,23
201,20,20
202,11,11
203,14,14
204,15,15
205,8,8
206,27,27
207,24,24
208,24,24
209,10,10
210,23,23
211,21,21
212,5,5
213,34,34
214,3,3
215,32,32
216,21,21
217,1,1
218,27,27
219,26,26
220,23,23
221,28,28
222,33,33
223,11,11
224,26,26
225,16,16
226,6,6
227,25,25
228,13,13
229,20,20
230,19,19
231,18,18
232,11,11
233,25,25
234,8,8
235,34,34
236,19,19
237,27,27
238,2,2
239,7,7
240,34,34
241,22,22
242,20,20
243,24,24
244,19,19
245,12,12
246,13,13
247,30,30
248,6,6
249,14,14
250,28,28
251,5,5
252,26,26
253,0,0
254,25,25
255,10,10
256,0,0
257,29,29
258,19,19
259,9,9
260,4,4
261,30,30
262,10,10
263,27,27
264,23,23
265,0,0
266,4,4
267,32,32
268,17,17
269,2,2
270,34,34
271,33,33
272,24,24
273,31,31
274,27,27
275,9,9
276,4,4
277,26,26
278,19,19
279,2,2
280,7,7
281,26,26
282,14,14
283,11,11
284,7,7
285,6,6
286,28,28
287,21,21
288,21,21
289,32,32
290,33,33
291,24,24
292,18,18
293,18,18
294,12,12
295,9,9
296,10,10
297,11,11
298,24,24
299,19,19
300,30,30
301,18,18
302,34,34
303,26,26
304,16,16
305,19,19
306,3,3
307,7,7
308,2,2
309,31,31
310,26,26
311,14,14
312,27,27
313,13,13
314,14,14
315,13,13
316,24,24
317,15,15
318,20,20
319,5,5
320,22,22
321,26,26
322,0,0
323,25,25
324,32,32
325,12,12
326,29,29
327,8,8
328,25,25
329,29,29
330,19,19
331,19,19
332,8,8
333,18,18
334,19,19
335,2,2
336,12,12
337,22,22
338,6,6
339,25,25
340,17,17
341,32,32
342,22,22
343,33,33
344,34,34
345,31,31
346,34,34
347,13,13
348,3,3
349,12,12
350,22,22
351,30,30
352,34,34
353,28,28
354,22,22
355,32,32
356,16,16
357,14,14
358,30,30
359,9,9
360,16,16
361,4,4
362,33,33
363,17,17
364,11,11
365,18,18
366,5,5
367,5,5
368,15,15
369,4,4
370,13,13
371,20,20
372,34,34
373,14,14
374,6,6
375,7,7
376,3,3
377,27,27
378,28,28
379,26,26
380,4,4
381,24,24
382,31,31
383,14,14
384,24,24
385,34,34
386,5,5
387,34,34
388,33,33
389,6,6
390,11,11
391,26,26
392,22,22
393,6,6
394,23,23
395,11,11
396,23,23
397,29,29
398,25,25
399,4,4
400,30,30
401,33,33
402,23,23
403,2,2
404,0,0
405,6,6
406,2,2
407,19,19
408,29,29
409,4,4
410,13,13
411,14,14
412,6,6
413,2,2
414,10,10
415,21,21
416,34,34
417,5,5
418,32,32
419,7,7
420,23,23
421,8,8
422,26,26
423,7,7
424,4,4
425,19,19
426,5,5
427,8,8
428,21,21
429,33,33
430,6,6
431,23,23
432,8,8
433,26,26
434,18,18
435,0,0
436,28,28
437,9,9
438,30,30
439,32,32
440,24,24
441,14,14
442,0,0
443,24,24
444,1,1
445,6,6
446,18,18
447,3,3
448,17,17
449,34,34
450,20,20
451,0,0
452,9,9
453,27,27
454,11,11
455,17,17
456,15,15
457,12,12
458,8,8
459,33,33
460,23,23
461,4,4
462,11,11
463,27,27
464,15,15
465,21,21
466,20,20
467,1,1
468,27,27
469,16,16
470,27,27
471,29,29
472,12,12
473,12,12
474,4,4
475,22,22
476,9,9
477,0,0
478,32,32
479,10,10
480,33,33
481,13,13
482,32,32
483,17,17
484,0,0
485,15,15
486,12,12
487,10,10
488,26,26
489,3,3
490,27,27
491,3,3
492,8,8
493,31,31
494,19,19
495,14,14
496,20,20
497,10,10
498,2,2
499,24,24
500,7,7
501,23,23
502,5,5
503,14,14
504,29,29
505,17,17
506,3,3
507,13,13
508,33,33
509,24,24
510,6,6
511,5,5
512,8,8
513,27,27
514,5,5
515,17,17
516,31,31
517,30,30
518,17,17
519,33,33
520,13,13
521,0,0
522,2,2
523,17,17
524,34,34
525,22,22
526,17,17
527,8,8
528,32,32
529,11,11
530,16,16
531,21,21
532,8,8
533,30,30
534,8,8
535,0,0
536,8,8
537,19,19
538,5,5
539,8,8
540,9,9
541,33,33
542,26,26
543,11,11
544,25,25
545,25,25
546,15,15
547,22,22
548,34,34
549,5,5
550,34,34
551,11,11
552,2,2
553,7,7
554,16,16
555,30,30
556,19,19
557,29,29
558,11,11
559,30,30
560,17,17
561,12,12
562,29,29
563,26,26
564,14,14
565,6,6
566,22,22
567,16,16
568,8,8
569,29,29
570,10,10
571,18,18
572,11,11
573,32,32
574,34,34
575,32,32
576,30,30
577,29,29
578,2,2
579,25,25
580,2,2
581,10,10
582,26,26
583,11,11
584,34,34
585,18,18
586,34,34
587,9,9
588,26,26
589,11,11
590,2,2
591,22,22
592,20,20
593,8,8
594,11,11
595,1,1
596,0,0
597,12,12
598,23,23
599,32,32
600,7,7
601,6,6
602,28,28
603,22,22
604,23,23
605,20,20
606,12,12
607,15,15
608,2,2
609,21,21
610,14,14
611,30,30
612,31,31
613,30,30
614,17,17
615,8,8
616,11,11
617,22,22
618,10,10
619,17,17
620,26,26
621,7,7
622,33,33
623,18,18
624,17,17
625,16,16
626,13,13
627,34,34
628,32,32
629,12,12
630,7,7
631,2,2
632,17,17
633,14,14
634,7,7
635,2,2
636,8,8
637,24,24
638,26,26
639,30,30
640,29,29
641,10,10
642,4,4
643,28,28
644,32,32
645,30,30
646,12,12
647,8,8
648,0,0
649,0,0
650,24,24
651,11,11
652,12,12
653,6,6
654,22,22
655,26,26
656,4,4
657,4,4
658,10,10
659,18,18
660,20,20
661,23,23
662,30,30
663,27,27
664,28,28
665,12,12
666,4,4
667,6,6
668,3,3
669,21,21
670,24,24
671,10,10
672,2,2
673,11,11
674,31,31
675,15,15
676,17,17
677,28,28
678,14,14
679,29,29
680,15,15
681,25,25
682,15,15
683,26,26
684,10,10
685,22,22
686,32,32
687,25,25
688,12,12
689,8,8
690,1,1
691,30,30
692,22,22
693,19,19
694,5,5
695,7,7
696,30,30
697,8,8
698,3,3
699,0,0
700,0,0
701,3,3
702,15,15
703,30,30
704,8,8
705,20,20
706,6,6
707,9,9
708,33,33
709,7,7
710,5,5
711,7,7
712,5,5
713,7,7
714,3,3
715,5,5
716,24,24
717,8,8
718,13,13
719,20,20
720,31,31
721,28,28
722,7,7
723,1,1
724,24,24
725,12,12
726,20,20
727,16,16
728,6,6
729,32,32
730,20,20
731,32,32
732,4,4
733,8,8
734,29,29
735,8,8
736,8,8
737,23,23
738,22,22
739,10,10
740,30,30
741,33,33
742,17,17
743,24,24
744,7,7
745,0,0
746,12,12
747,18,18
748,14,14
749,13,13
750,26,26
751,4,4
752,9,9
753,11,11
754,5,5
755,13,13
756,34,34
757,10,10
758,0,0
759,1,1
760,0,0
761,16,16
762,6,6
763,19,19
764,26,26
765,11,11
766,25,25
767,7,7
768,28,28
769,11,11
770,26,26
771,17,17
772,2,2
773,27,27
774,24,24
775,27,27
776,6,6
777,10,10
778,18,18
779,26,26
780,18,18
781,11,11
782,12,12
783,9,9
784,27,27
785,13,13
786,11,11
787,32,32
788,12,12
789,23,23
790,22,22
791,3,3
792,4,4
793,32,32
794,20,20
795,24,24
796,30,30
797,18,18
798,5,5
799,4,4
800,28,28
801,9,9
802,21,21
803,0,0
804,28,28
805,34,34
806,20,20
807,9,9
808,16,16
809,4,4
810,8,8
811,24,24
812,18,18
813,26,26
814,31,31
815,10,10
816,18,18
817,1,1
818,2,2
819,17,17
820,28,28
821,3,3
822,2,2
823,30,30
824,10,10
825,29,29
826,34,34
827,11,11
828,15,15
829,23,23
830,9,9
831,30,30
832,16,16
833,30,30
834,1,1
835,18,18
836,13,13
837,21,21
838,30,30
839,21,21
840,9,9
841,16,16
842,26,26
843,22,22
844,11,11
845,19,19
846,23,23
847,5,5
848,18,18
849,1,1
850,32,32
851,25,25
852,16,16
853,10,10
854,32,32
855,16,16
856,6,6
857,1,1
858,5,5
859,18,18
860,20,20
861,7,7
862,3,3
863,32,32
864,5,5
865,4,4
866,15,15
867,16,16
868,17,17
869,33,33
870,30,30
871,7,7
872,14,14
873,6,6
874,0,0
875,8,8
876,31,31
877,3,3
878,3,3
879,27,27
880,6,6
881,27,27
882,27,27
883,28,28
884,13,13
885,19,19
886,5,5
887,10,10
888,15,15
889,7,7
890,23,23
891,13,13
892,7,7
893,26,26
894,1,1
895,10,10
896,10,10
897,2,2
898,19,19
899,7,7
900,11,11
901,11,11
902,20,20
903,21,21
904,31,31
905,33,33
906,23,23
907,20,20
908,33,33
909,27,27
910,18,18
911,29,29
912,21,21
913,24,24
914,23,23
915,10,10
916,22,22
917,13,13
918,12,12
919,9,9
920,22,22
921,10,10
922,34,34
923,33,33
924,22,22
925,2,2
926,6,6
927,27,27
928,20,20
929,16,16
930,6,6
931,27,27
932,21,21
933,20,20
934,19,19
935,6,6
936,3,3
937,16,16
938,26,26
939,1,1
940,20,20
941,21,21
942,22,22
943,26,26
944,11,11
945,10,10
946,26,26
947,31,31
948,2,2
949,25,25
950,7,7
951,30,30
952,0,0
953,32,32
954,11,11
955,27,27
956,5,5
957,23,23
958,6,6
959,24,24
960,31,31
961,15,15
962,11,11
963,10,10
964,2,2
965,16,16
966,5,5
967,28,28
968,2,2
969,28,28
970,4,4
971,29,29
972,13,13
973,9,9
974,22,22
975,16,16
976,7,7
977,9,9
978,8,8
979,29,29
980,5,5
981,27,27
982,32,32
983,33,33
984,32,32
985,3,3
986,17,17
987,15,15
988,11,11
989,19,19
990,29,29
991,32,32
992,18,18
993,15,15
994,25,25
995,29,29
996,3,3
997,0,0
998,3,3
999,3,3
1000,3,3
1001,3,3
1002,3,3
1003,15,15
1004,3,3
1005,18,18
1006,13,13
1007,18,18
1008,6,6
1009,24,24
1010,20,20
1011,21,21
1012,3,3
1013,15,15
1014,18,18
1015,26,26
1016,11,11
1017,14,14
1018,0,0
1019,29,29
1020,3,3
1021,5,5
1022,24,24
1023,13,13
1024,18,18
1025,8,8
1026,29,29
1027,27,27
1028,25,25
1029,15,15
1030,26,26
1031,24,24
1032,24,24
1033,0,0
1034,14,14
1035,19,19
1036,22,22
1037,4,4
1038,15,15
1039,20,20
1040,34,34
1041,17,17
1042,4,4
1043,34,34
1044,27,27
1045,8,8
1046,16,16
1047,25,25
1048,1,1
1049,12,12
1050,1,1
1051,7,7
1052,22,22
1053,5,5
1054,24,24
1055,33,33
1056,23,23
1057,13,13
1058,34,34
1059,21,21
1060,9,9
1061,4,4
1062,19,19
1063,30,30
1064,2,2
1065,33,33
1066,15,15
1067,10,10
1068,28,28
1069,27,27
1070,25,25
1071,31,31
1072,1,1
1073,19,19
1074,17,17
1075,12,12
1076,19,19
1077,23,23
1078,0,0
1079,9,9
1080,1,1
1081,17,17
1082,10,10
1083,7,7
1084,20,20
1085,5,5
1086,22,22
1087,34,34
1088,31,31
1089,19,19
1090,5,5
1091,26,26
1092,12,12
1093,5,5
1094,0,0
1095,8,8
1096,19,19
1097,26,26
1098,28,28
1099,13,13
1100,28,28
1101,4,4
1102,2,2
1103,16,16
1104,2,2
1105,16,16
1106,10,10
1107,13,13
1108,24,24
1109,29,29
1110,32,32
1111,15,15
1112,17,17
1113,6,6
1114,31,31
1115,7,7
1116,16,16
1117,27,27
1118,31,31
1119,29,29
1120,24,24
1121,4,4
1122,7,7
1123,18,18
1124,19,19
1125,26,26
1126,6,6
1127,23,23
1128,2,2
1129,23,23
1130,6,6
1131,25,25
1132,15,15
1133,26,26
1134,34,34
1135,17,17
1136,5,5
1137,16,16
1138,13,13
1139,31,31
1140,10,10
1141,18,18
1142,22,22
1143,17,17
1144,11,11
1145,33,33
1146,14,14
1147,23,23
1148,24,24
1149,12,12
1150,16,16
1151,8,8
1152,21,21
1153,19,19
1154,25,25
1155,30,30
1156,12,12
1157,4,4
1158,7,7
1159,29,29
1160,25,25
1161,22,22
1162,30,30
1163,13,13
1164,15,15
1165,23,23
1166,12,12
1167,20,20
1168,7,7
1169,26,26
1170,0,0
1171,2,2
1172,12,12
1173,32,32
1174,15,15
1175,13,13
1176,5,5
1177,33,33
1178,18,18
1179,11,11
1180,16,16
1181,11,11
1182,19,19
1183,21,21
1184,10,10
1185,0,0
1186,12,12
1187,29,29
1188,31,31
1189,25,25
1190,4,4
1191,2,2
1192,8,8
1193,27,27
1194,17,17
1195,0,0
1196,17,17
1197,29,29
1198,25,25
1199,5,5
1200,0,0
1201,12,12
1202,22,22
1203,9,9
1204,18,18
1205,31,31
1206,21,21
1207,21,21
1208,19,19
1209,13,13
1210,2,2
1211,31,31
1212,8,8
1213,22,22
1214,33,33
1215,13,13
1216,31,31
1217,21,21
1218,11,11
1219,25,25
1220,34,34
1221,26,26
1222,15,15
1223,18,18
1224,11,11
1225,8,8
1226,19,19
1227,6,6
1228,7,7
1229,32,32
1230,17,17
1231,3,3
1232,26,26
1233,32,32
1234,1,1
1235,20,20
1236,22,22
1237,27,27
1238,13,13
1239,18,18
1240,17,17
1241,0,0
1242,0,0
1243,21,21
1244,32,32
1245,12,12
1246,2,2
1247,20,20
1248,11,11
1249,11,11
1250,10,10
1251,14,14
1252,5,5
1253,5,5
1254,16,16
1255,13,13
1256,31,31
1257,6,6
1258,8,8
1259,19,19
1260,4,4
1261,23,23
1262,2,2
1263,26,26
1264,12,12
1265,17,17
1266,10,10
1267,6,6
1268,4,4
1269,10,10
1270,13,13
1271,33,33
1272,10,10
1273,17,17
1274,10,10
1275,24,24
1276,33,33
1277,0,0
1278,1,1
1279,1,1
1280,32,32
1281,12,12
1282,30,30
1283,1,1
1284,23,23
1285,26,26
1286,14,14
1287,26,26
1288,17,17
1289,11,11
1290,24,24
1291,6,6
1292,29,29
1293,29,29
1294,0,0
1295,23,23
1296,6,6
1297,27,27
1298,2,2
1299,32,32
1300,13,13
1301,14,14
1302,32,32
1303,33,33
1304,24,24
1305,10,10
1306,14,14
1307,8,8
1308,15,15
1309,13,13
1310,8,8
1311,6,6
1312,31,31
1313,19,19
1314,30,30
1315,12,12
1316,2,2
1317,32,32
1318,5,5
1319,9,9
1320,19,19
1321,14,14
1322,12,12
1323,27,27
1324,33,33
1325,8,8
1326,25,25
1327,23,23
1328,5,5
1329,25,25
1330,23,23
1331,17,17
1332,32,32
1333,29,29
1334,28,28
1335,30,30
1336,11,11
1337,26,26
1338,21,21
1339,20,20
1340,19,19
1341,15,15
1342,12,12
1343,4,4
1344,4,4
1345,14,14
1346,23,23
1347,17,17
1348,23,23
1349,15,15
1350,0,0
1351,30,30
1352,34,34
1353,15,15
1354,23,23
1355,16,16
1356,8,8
1357,27,27
1358,11,11
1359,23,23
1360,6,6
1361,4,4
1362,13,13
1363,30,30
1364,10,10
1365,3,3
1366,5,5
1367,1,1
1368,26,26
1369,29,29
1370,7,7
1371,18,18
1372,4,4
1373,0,0
1374,1,1
1375,23,23
1376,16,16
1377,30,30
1378,7,7
1379,20,20
1380,32,32
1381,17,17
1382,32,32
1383,24,24
1384,2,2
1385,3,3
1386,11,11
1387,4,4
1388,4,4
1389,9,9
1390,4,4
1391,7,7
1392,9,9
1393,14,14
1394,26,26
1395,25,25
1396,28,28
1397,21,21
1398,34,34
1399,18,18
1400,17,17
1401,6,6
1402,13,13
1403,32,32
1404,33,33
1405,24,24
1406,15,15
1407,6,6
1408,20,20
1409,24,24
1410,6,6
1411,27,27
1412,25,25
1413,4,4
1414,14,14
1415,16,16
1416,1,1
1417,29,29
1418,29,29
1419,33,33
1420,16,16
1421,8,8
1422,27,27
1423,0,0
1424,12,12
1425,22,22
1426,13,13
1427,6,6
1428,34,34
1429,2,2
1430,0,0
1431,4,4
1432,2,2
1433,3,3
1434,5,5
1435,23,23
1436,22,22
1437,6,6
1438,24,24
1439,7,7
1440,6,6
1441,20,20
1442,26,26
1443,17,17
1444,14,14
1445,31,31
1446,25,25
1447,14,14
1448,4,4
1449,26,26
1450,28,28
1451,30,30
1452,22,22
1453,31,31
1454,21,21
1455,4,4
1456,25,25
1457,26,26
1458,25,25
1459,17,17
1460,6,6
1461,2,2
1462,29,29
1463,14,14
1464,7,7
1465,18,18
1466,20,20
1467,7,7
1468,20,20
1469,17,17
1470,20,20
1471,18,18
1472,3,3
1473,9,9
1474,5,5
1475,0,0
1476,0,0
1477,22,22
1478,8,8
1479,23,23
1480,3,3
1481,4,4
1482,27,27
1483,29,29
1484,13,13
1485,11,11
1486,9,9
1487,25,25
1488,1,1
1489,5,5
1490,8,8
1491,33,33
1492,27,27
1493,9,9
1494,14,14
1495,0,0
1496,23,23
1497,20,20
1498,29,29
1499,7,7
1500,22,22
1501,8,8
1502,30,30
1503,6,6
1504,10,10
1505,0,0
1506,8,8
1507,1,1
1508,25,25
1509,31,31
1510,23,23
1511,26,26
1512,6,6
1513,21,21
1514,33,33
1515,16,16
1516,15,15
1517,25,25
1518,34,34
1519,14,14
1520,28,28
1521,4,4
1522,5,5
1523,21,21
1524,16,16
1525,24,24
1526,16,16
1527,8,8
1528,21,21
1529,1,1
1530,10,10
1531,18,18
1532,18,18
1533,7,7
1534,3,3
1535,13,13
1536,15,15
1537,7,7
1538,5,5
1539,29,29
1540,3,3
1541,1,1
1542,12,12
1543,25,25
1544,28,28
1545,31,31
1546,2,2
1547,24,24
1548,8,8
1549,11,11
1550,1,1
1551,29,29
1552,15,15
1553,10,10
1554,1,1
1555,19,19
1556,6,6
1557,2,2
1558,26,26
1559,23,23
1560,16,16
1561,34,34
1562,25,25
1563,33,33
1564,5,5
1565,26,26
1566,33,33
1567,8,8
1568,24,24
1569,31,31
1570,34,34
1571,26,26
1572,11,11
1573,34,34
1574,15,15
1575,16,16
1576,4,4
1577,30,30
1578,25,25
1579,31,31
1580,0,0
1581,17,17
1582,1,1
1583,25,25
1584,30,30
1585,15,15
1586,19,19
1587,3,3
1588,29,29
1589,2,2
1590,27,27
1591,9,9
1592,15,15
1593,32,32
1594,24,24
1595,14,14
1596,31,31
1597,4,4
1598,3,3
1599,29,29
1600,29,29
1601,12,12
1602,7,7
1603,10,10
1604,31,31
1605,12,12
1606,19,19
1607,18,18
1608,23,23
1609,32,32
1610,12,12
1611,15,15
1612,8,8
1613,11,11
1614,0,0
1615,1,1
1616,13,13
1617,17,17
1618,20,20
1619,18,18
1620,30,30
1621,20,20
1622,3,3
1623,7,7
1624,28,28
1625,18,18
1626,19,19
1627,10,10
1628,10,10
1629,32,32
1630,7,7
1631,8,8
1632,5,5
1633,31,31
1634,17,17
1635,29,29
1636,3,3
1637,29,29
1638,11,11
1639,14,14
1640,28,28
1641,17,17
1642,22,22
1643,5,5
1644,7,7
1645,14,14
1646,0,0
1647,12,12
1648,4,4
1649,28,28
1650,2,2
1651,14,14
1652,4,4
1653,21,21
1654,17,17
1655,2,2
1656,31,31
1657,25,25
1658,16,16
1659,16,16
1660,5,5
1661,25,25
1662,27,27
1663,3,3
1664,31,31
1665,4,4
1666,6,6
1667,20,20
1668,30,30
1669,8,8
1670,7,7
1671,13,13
1672,8,8
1673,26,26
1674,14,14
1675,33,33
1676,13,13
1677,27,27
1678,10,10
1679,22,22
1680,25,25
1681,21,21
1682,11,11
1683,1,1
1684,16,16
1685,21,21
1686,5,5
1687,5,5
1688,18,18
1689,23,23
1690,16,16
1691,17,17
1692,1,1
1693,19,19
1694,10,10
1695,9,9
1696,33,33
1697,18,18
1698,31,31
1699,10,10
1700,5,5
1701,4,4
1702,10,10
1703,17,17
1704,2,2
1705,14,14
1706,14,14
1707,20,20
1708,5,5
1709,27,27
1710,18,18
1711,15,15
1712,29,29
1713,19,19
1714,31,31
1715,6,6
1716,18,18
1717,16,16
1718,6,6
1719,34,34
1720,9,9
1721,6,6
1722,30,30
1723,26,26
1724,6,6
1725,9,9
1726,13,13
1727,18,18
1728,4,4
1729,4,4
1730,2,2
1731,4,4
1732,8,8
1733,13,13
1734,28,28
1735,6,6
1736,6,6
1737,9,9
1738,4,4
1739,27,27
1740,33,33
1741,22,22
1742,14,14
1743,22,22
1744,20,20
1745,31,31
1746,15,15
1747,1,1
1748,5,5
1749,23,23
1750,10,10
1751,2,2
1752,27,27
1753,1,1
1754,33,33
1755,7,7
1756,16,16
1757,9,9
1758,0,0
1759,2,2
1760,26,26
1761,23,23
1762,13,13
1763,15,15
1764,3,3
1765,8,8
1766,15,15
1767,1,1
1768,16,16
1769,28,28
1770,12,12
1771,31,31
1772,29,29
1773,4,4
1774,31,31
1775,22,22
1776,6,6
1777,23,23
1778,9,9
1779,30,30
1780,27,27
1781,24,24
1782,34,34
1783,31,31
1784,0,0
1785,10,10
1786,12,12
1787,0,0
1788,19,19
1789,12,12
1790,4,4
1791,16,16
1792,20,20
1793,6,6
1794,30,30
1795,10,10
1796,14,14
1797,33,33
1798,11,11
1799,6,6
1800,32,32
1801,3,3
1802,6,6
1803,14,14
1804,34,34
1805,16,16
1806,10,10
1807,31,31
1808,13,13
1809,15,15
1810,14,14
1811,25,25
1812,3,3
1813,15,15
1814,19,19
1815,7,7
1816,26,26
1817,14,14
1818,17,17
1819,28,28
1820,4,4
1821,19,19
1822,16,16
1823,2,2
1824,8,8
1825,0,0
1826,25,25
1827,19,19
1828,2,2
1829,34,34
1830,4,4
1831,27,27
1832,3,3
1833,18,18
1834,5,5
1835,14,14
1836,3,3
1837,14,14
1838,33,33
1839,11,11
1840,2,2
1841,30,30
1842,29,29
1843,17,17
1844,0,0
1845,5,5
1846,7,7
1847,25,25
1848,18,18
1849,29,29
1850,32,32
1851,18,18
1852,0,0
1853,12,12
1854,0,0
1855,3,3
1856,12,12
1857,20,20
1858,16,16
1859,24,24
1860,24,24
1861,7,7
1862,18,18
1863,28,28
1864,33,33
1865,15,15
1866,14,14
1867,14,14
1868,29,29
1869,6,6
1870,27,27
1871,10,10
1872,15,15
1873,19,19
1874,15,15
1875,7,7
1876,11,11
1877,23,23
1878,33,33
1879,0,0
1880,29,29
1881,15,15
1882,21,21
1883,30,30
1884,1,1
1885,28,28
1886,15,15
1887,29,29
1888,7,7
1889,16,16
1890,6,6
1891,28,28
1892,19,19
1893,12,12
1894,11,11
1895,3,3
1896,19,19
1897,29,29
1898,6,6
1899,32,32
1900,31,31
1901,2,2
1902,34,34
1903,21,21
1904,19,19
1905,22,22
1906,16,16
1907,0,0
1908,26,26
1909,17,17
1910,10,10
1911,4,4
1912,13,13
1913,26,26
1914,32,32
1915,26,26
1916,34,34
1917,2,2
1918,13,13
1919,19,19
1920,20,20
1921,4,4
1922,34,34
1923,14,14
1924,13,13
1925,9,9
1926,29,29
1927,30,30
1928,32,32
1929,20,20
1930,14,14
1931,2,2
1932,10,10
1933,6,6
1934,1,1
1935,3,3
1936,16,16
1937,18,18
1938,6,6
1939,6,6
1940,34,34
1941,18,18
1942,14,14
1943,16,16
1944,3,3
1945,23,23
1946,21,21
1947,15,15
1948,32,32
1949,27,27
1950,29,29
1951,29,29
1952,31,31
1953,27,27
1954,30,30
1955,28,28
1956,24,24
1957,19,19
1958,26,26
1959,25,25
1960,27,27
1961,22,22
1962,2,2
1963,17,17
1964,17,17
1965,2,2
1966,26,26
1967,9,9
1968,5,5
1969,32,32
1970,29,29
1971,19,19
1972,4,4
1973,2,2
1974,29,29
1975,9,9
1976,22,22
1977,34,34
1978,13,13
1979,20,20
1980,15,15
1981,2,2
1982,2,2
1983,0,0
1984,16,16
1985,12,12
1986,4,4
1987,16,16
1988,7,7
1989,15,15
1990,5,5
1991,30,30
1992,32,32
1993,24,24
1994,12,12
1995,16,16
1996,31,31
1997,23,23
1998,6,6
1999,34,34
2000,27,27
2001,15,15
2002,25,25
2003,18,18
2004,26,26
2005,23,23
2006,6,6
2007,1,1
2008,30,30
2009,19,19
2010,17,17
2011,10,10
2012,28,28
2013,33,33
2014,17,17
2015,21,21
2016,16,16
2017,24,24
2018,33,33
2019,31,31
2020,6,6
2021,34,34
2022,29,29
2023,17,17
2024,25,25
2025,28,28
2026,15,15
2027,12,12
2028,29,29
2029,17,17
2030,16,16
2031,9,9
2032,27,27
2033,10,10
2034,22,22
2035,24,24
2036,19,19
2037,1,1
2038,34,34
2039,17,17
2040,29,29
2041,13,13
2042,5,5
2043,23,23
2044,28,28
2045,20,20
2046,5,5
2047,16,16
2048,29,29
2049,7,7
2050,5,5
2051,28,28
2052,13,13
2053,30,30
2054,28,28
2055,20,20
2056,16,16
2057,24,24
2058,1,1
2059,29,29
2060,28,28
2061,13,13
2062,24,24
2063,11,11
2064,28,28
2065,5,5
2066,3,3
2067,11,11
2068,19,19
2069,28,28
2070,2,2
2071,12,12
2072,15,15
2073,15,15
2074,29,29
2075,29,29
2076,17,17
2077,24,24
2078,20,20
2079,2,2
2080,17,17
2081,13,13
2082,18,18
2083,33,33
2084,10,10
2085,25,25
2086,32,32
2087,21,21
2088,8,8
2089,1,1
2090,3,3
2091,12,12
2092,30,30
2093,6,6
2094,17,17
2095,12,12
2096,25,25
2097,13,13
2098,26,26
2099,12,12
2100,12,12
2101,32,32
2102,9,9
2103,11,11
2104,31,31
2105,8,8
2106,30,30
2107,28,28
2108,11,11
2109,27,27
2110,9,9
2111,34,34
2112,25,25
2113,31,31
2114,26,26
2115,34,34
2116,4,4
2117,18,18
2118,10,10
2119,20,20
2120,2,2
2121,28,28
2122,3,3
2123,18,18
2124,29,29
2125,5,5
2126,15,15
2127,2,2
2128,32,32
2129,31,31
2130,23,23
2131,31,31
2132,27,27
2133,3,3
2134,14,14
2135,15,15
2136,34,34
2137,24,24
2138,23,23
2139,0,0
2140,33,33
2141,8,8
2142,32,32
2143,12,12
2144,7,7
2145,13,13
2146,31,31
2147,26,26
2148,29,29
2149,21,21
2150,15,15
2151,5,5
2152,32,32
2153,8,8
2154,19,19
2155,27,27
2156,3,3
2157,10,10
2158,23,23
2159,0,0
2160,2,2
2161,20,20
2162,12,12
2163,31,31
2164,25,25
2165,6,6
2166,27,27
2167,24,24
2168,25,25
2169,25,25
2170,31,31
2171,12,12
2172,9,9
2173,5,5
2174,15,15
2175,8,8
2176,19,19
2177,0,0
2178,26,26
2179,7,7
2180,34,34
2181,11,11
2182,21,21
2183,26,26
2184,31,31
2185,0,0
2186,20,20
2187,6,6
2188,2,2
2189,2,2
2190,7,7
2191,2,2
2192,16,16
2193,8,8
2194,20,20
2195,27,27
2196,32,32
2197,21,21
2198,20,20
2199,20,20
2200,34,34
2201,10,10
2202,6,6
2203,28,28
2204,13,13
2205,17,17
2206,26,26
2207,3,3
2208,26,26
2209,18,18
2210,2,2
2211,11,11
2212,23,23
2213,7,7
2214,5,5
2215,31,31
2216,22,22
2217,1,1
2218,10,10
2219,5,5
2220,28,28
2221,26,26
2222,5,5
2223,27,27
2224,32,32
2225,31,31
2226,24,24
2227,7,7
2228,32,32
2229,28,28
2230,16,16
2231,30,30
2232,14,14
2233,30,30
2234,32,32
2235,32,32
2236,31,31
2237,5,5
2238,24,24
2239,1,1
2240,18,18
2241,28,28
2242,27,27
2243,4,4
2244,3,3
2245,32,32
2246,20,20
2247,32,32
2248,10,10
2249,9,9
2250,31,31
2251,9,9
2252,6,6
2253,19,19
2254,4,4
2255,21,21
2256,11,11
2257,28,28
2258,33,33
2259,16,16
2260,23,23
2261,31,31
2262,20,20
2263,30,30
2264,34,34
2265,12,12
2266,26,26
2267,34,34
2268,19,19
2269,23,23
2270,18,18
2271,5,5
2272,25,25
2273,22,22
2274,15,15
2275,21,21
2276,4,4
2277,3,3
2278,7,7
2279,25,25
2280,26,26
2281,7,7
2282,25,25
2283,6,6
2284,23,23
2285,0,0
2286,29,29
2287,30,30
2288,10,10
2289,26,26
2290,0,0
2291,12,12
2292,8,8
2293,12,12
2294,5,5
2295,28,28
2296,10,10
2297,30,30
2298,17,17
2299,9,9
2300,14,14
2301,30,30
2302,16,16
2303,29,29
2304,16,16
2305,33,33
2306,2,2
2307,31,31
2308,4,4
2309,33,33
2310,25,25
2311,16,16
2312,9,9
2313,29,29
2314,7,7
2315,22,22
2316,34,34
2317,11,11
2318,32,32
2319,27,27
2320,20,20
2321,14,14
2322,0,0
2323,2,2
2324,3,3
2325,16,16
2326,29,29
2327,22,22
2328,17,17
2329,1,1
2330,8,8
2331,10,10
2332,2,2
2333,33,33
2334,33,33
2335,26,26
2336,24,24
2337,8,8
2338,21,21
2339,0,0
2340,10,10
2341,16,16
2342,2,2
2343,5,5
2344,16,16
2345,30,30
2346,29,29
2347,27,27
2348,32,32
2349,15,15
2350,13,13
2351,5,5
2352,30,30
2353,3,3
2354,8,8
2355,0,0
2356,4,4
2357,27,27
2358,3,3
2359,23,23
2360,24,24
2361,34,34
2362,27,27
2363,27,27
2364,5,5
2365,28,28
2366,22,22
2367,34,34
2368,34,34
2369,21,21
2370,24,24
2371,33,33
2372,19,19
2373,16,16
2374,7,7
2375,5,5
2376,17,17
2377,3,3
2378,28,28
2379,18,18
2380,11,11
2381,15,15
2382,29,29
2383,28,28
2384,21,21
2385,19,19
2386,8,8
2387,31,31
2388,19,19
2389,9,9
2390,30,30
2391,27,27
2392,32,32
2393,13,13
2394,24,24
2395,2,2
2396,28,28
2397,11,11
2398,16,16
2399,12,12
2400,3,3
2401,26,26
2402,30,30
2403,22,22
2404,31,31
2405,3,3
2406,0,0
2407,22,22
2408,29,29
2409,21,21
2410,8,8
2411,16,16
2412,27,27
2413,13,13
2414,29,29
2415,1,1
2416,15,15
2417,17,17
2418,6,6
2419,16,16
2420,15,15
2421,19,19
2422,15,15
2423,23,23
2424,13,13
2425,9,9
2426,18,18
2427,11,11
2428,12,12
2429,31,31
2430,20,20
2431,25,25
2432,10,10
2433,2,2
2434,21,21
2435,1,1
2436,14,14
2437,34,34
2438,34,34
2439,16,16
2440,9,9
2441,22,22
2442,32,32
2443,27,27
2444,17,17
2445,27,27
2446,22,22
2447,29,29
2448,23,23
2449,31,31
2450,6,6
2451,13,13
2452,34,34
2453,19,19
2454,34,34
2455,17,17
2456,10,10
2457,21,21
2458,8,8
2459,16,16
2460,11,11
2461,1,1
2462,25,25
2463,23,23
2464,2,2
2465,8,8
2466,21,21
2467,14,14
2468,14,14
2469,0,0
2470,13,13
2471,34,34
2472,8,8
2473,20,20
2474,4,4
2475,33,33
2476,25,25
2477,18,18
2478,34,34
2479,34,34
2480,11,11
2481,31,31
2482,16,16
2483,18,18
2484,25,25
2485,21,21
2486,28,28
2487,16,16
2488,7,7
2489,1,1
2490,0,0
2491,28,28
2492,29,29
2493,1,1
2494,27,27
2495,5,5
2496,19,19
2497,3,3
2498,33,33
2499,1,1
2500,21,21
2501,6,6
2502,9,9
2503,14,14
2504,31,31
2505,0,0
2506,3,3
2507,13,13
2508,11,11
2509,1,1
2510,32,32
2511,5,5
2512,19,19
2513,24,24
2514,33,33
2515,18,18
2516,18,18
2517,4,4
2518,2,2
2519,20,20
2520,27,27
2521,33,33
2522,34,34
2523,25,25
2524,0,0
2525,18,18
2526,26,26
2527,4,4
2528,13,13
2529,18,18
2530,30,30
2531,27,27
2532,28,28
2533,22,22
2534,7,7
2535,27,27
2536,34,34
2537,5,5
2538,4,4
2539,1,1
2540,16,16
2541,20,20
2542,27,27
2543,25,25
2544,26,26
2545,32,32
2546,20,20
2547,23,23
2548,16,16
2549,22,22
2550,28,28
2551,7,7
2552,28,28
2553,15,15
2554,19,19
2555,27,27
2556,28,28
2557,31,31
2558,27,27
2559,26,26
2560,29,29
2561,12,12
2562,34,34
2563,11,11
2564,32,32
2565,6,6
2566,0,0
2567,26,26
2568,22,22
2569,16,16
2570,5,5
2571,28,28
2572,18,18
2573,1,1
2574,5,5
2575,32,32
2576,31,31
2577,22,22
2578,29,29
2579,8,8
2580,11,11
2581,14,14
2582,15,15
2583,10,10
2584,29,29
2585,23,23
2586,33,33
2587,30,30
2588,12,12
2589,17,17
2590,34,34
2591,20,20
2592,5,5
2593,18,18
2594,19,19
2595,28,28
2596,24,24
2597,34,34
2598,13,13
2599,1,1
2600,26,26
2601,5,5
2602,27,27
2603,6,6
2604,11,11
2605,20,20
2606,20,20
2607,22,22
2608,11,11
2609,24,24
2610,34,34
2611,4,4
2612,17,17
2613,6,6
2614,14,14
2615,25,25
2616,15,15
2617,0,0
2618,30,30
2619,34,34
2620,24,24
2621,16,16
2622,33,33
2623,30,30
2624,10,10
2625,9,9
2626,27,27
2627,26,26
2628,28,28
2629,12,12
2630,31,31
2631,3,3
2632,1,1
2633,15,15
2634,12,12
2635,33,33
2636,23,23
2637,19,19
2638,6,6
2639,9,9
2640,27,27
2641,17,17
2642,18,18
2643,21,21
2644,27,27
2645,32,32
2646,6,6
2647,19,19
2648,32,32
2649,11,11
2650,32,32
2651,18,18
2652,8,8
2653,6,6
2654,1,1
2655,8,8
2656,14,14
2657,7,7
2658,33,33
2659,14,14
2660,7,7
2661,32,32
2662,34,34
2663,11,11
2664,16,16
2665,9,9
2666,14,14
2667,8,8
2668,12,12
2669,9,9
2670,15,15
2671,16,16
2672,5,5
2673,18,18
2674,34,34
2675,27,27
2676,12,12
2677,3,3
2678,13,13
2679,26,26
2680,24,24
2681,23,23
2682,32,32
2683,19,19
2684,24,24
2685,13,13
2686,12,12
2687,4,4
2688,29,29
2689,2,2
2690,10,10
2691,12,12
2692,17,17
2693,21,21
2694,11,11
2695,16,16
2696,21,21
2697,14,14
2698,31,31
2699,26,26
2700,27,27
2701,16,16
2702,22,22
2703,3,3
2704,32,32
2705,0,0
2706,31,31
2707,21,21
2708,20,20
2709,6,6
2710,13,13
2711,17,17
2712,17,17
2713,26,26
2714,14,14
2715,7,7
2716,5,5
2717,11,11
2718,31,31
2719,14,14
2720,2,2
2721,16,16
2722,0,0
2723,29,29
2724,0,0
2725,19,19
2726,7,7
2727,11,11
2728,31,31
2729,1,1
2730,34,34
2731,23,23
2732,33,33
2733,18,18
2734,0,0
2735,31,31
2736,22,22
2737,9,9
2738,4,4
2739,9,9
2740,6,6
2741,32,32
2742,3,3
2743,10,10
2744,27,27
2745,27,27
2746,2,2
2747,24,24
2748,14,14
2749,2,2
2750,13,13
2751,11,11
2752,8,8
2753,20,20
2754,30,30
2755,0,0
2756,29,29
2757,7,7
2758,12,12
2759,21,21
2760,0,0
2761,32,32
2762,13,13
2763,30,30
2764,8,8
2765,6,6
2766,20,20
2767,10,10
2768,32,32
2769,15,15
2770,22,22
2771,3,3
2772,17,17
2773,19,19
2774,0,0
2775,16,16
2776,1,1
2777,33,33
2778,28,28
2779,25,25
2780,23,23
2781,33,33
2782,10,10
2783,0,0
2784,14,14
2785,30,30
2786,9,9
2787,2,2
2788,7,7
2789,17,17
2790,24,24
2791,2,2
2792,17,17
2793,10,10
2794,12,12
2795,19,19
2796,15,15
2797,10,10
2798,15,15
2799,20,20
2800,11,11
2801,5,5
2802,4,4
2803,22,22
2804,28,28
2805,28,28
2806,22,22
2807,33,33
2808,5,5
2809,2,2
2810,14,14
2811,9,9
2812,18,18
2813,32,32
2814,26,26
2815,1,1
2816,18,18
2817,21,21
2818,13,13
2819,14,14
2820,28,28
2821,24,24
2822,8,8
2823,9,9
2824,2,2
2825,26,26
2826,31,31
2827,15,15
2828,5,5
2829,21,21
2830,2,2
2831,6,6
2832,26,26
2833,17,17
2834,28,28
2835,16,16
2836,25,25
2837,11,11
2838,6,6
2839,32,32
2840,23,23
2841,15,15
2842,24,24
2843,5,5
2844,11,11
2845,2,2
2846,16,16
2847,16,16
2848,16,16
2849,10,10
2850,7,7
2851,27,27
2852,33,33
2853,8,8
2854,34,34
2855,2,2
2856,33,33
2857,9,9
2858,11,11
2859,1,1
2860,3,3
2861,26,26
2862,30,30
2863,20,20
2864,16,16
2865,0,0
2866,28,28
2867,27,27
2868,23,23
2869,5,5
2870,13,13
2871,6,6
2872,1,1
2873,14,14
2874,6,6
2875,32,32
2876,24,24
2877,15,15
2878,5,5
2879,20,20
2880,2,2
2881,15,15
2882,32,32
2883,34,34
2884,33,33
2885,3,3
2886,5,5
2887,13,13
2888,0,0
2889,30,30
2890,20,20
2891,24,24
2892,14,14
2893,14,14
2894,32,32
2895,20,20
2896,0,0
2897,14,14
2898,27,27
2899,4,4
2900,9,9
2901,1,1
2902,16,16
2903,8,8
2904,3,3
2905,22,22
2906,16,16
2907,19,19
2908,33,33
2909,28,28
2910,10,10
2911,5,5
2912,28,28
2913,7,7
2914,20,20
2915,1,1
2916,0,0
2917,29,29
2918,29,29
2919,10,10
2920,31,31
2921,23,23
2922,21,21
2923,22,22
2924,20,20
2925,0,0
2926,17,17
2927,12,12
2928,0,0
2929,2,2
2930,3,3
2931,6,6
2932,34,34
2933,21,21
2934,14,14
2935,3,3
2936,34,34
2937,23,23
2938,9,9
2939,10,10
2940,7,7
2941,8,8
2942,9,9
2943,28,28
2944,34,34
2945,6,6
2946,29,29
2947,3,3
2948,19,19
2949,18,18
2950,0,0
2951,7,7
2952,6,6
2953,32,32
2954,4,4
2955,20,20
2956,13,13
2957,9,9
2958,32,32
2959,12,12
2960,25,25
2961,29,29
2962,30,30
2963,5,5
2964,9,9
2965,28,28
2966,14,14
2967,5,5
2968,7,7
2969,34,34
2970,28,28
2971,23,23
2972,22,22
2973,20,20
2974,11,11
2975,28,28
2976,5,5
2977,29,29
2978,4,4
2979,32,32
2980,0,0
2981,4,4
2982,31,31
2983,0,0
2984,31,31
2985,26,26
2986,5,5
2987,24,24
2988,23,23
2989,4,4
2990,20,20
2991,30,30
2992,23,23
2993,17,17
2994,7,7
2995,19,19
2996,30,30
2997,1,1
2998,7,7
2999,23,23
3000,31,31
3001,9,9
3002,33,33
3003,7,7
3004,10,10
3005,9,9
3006,20,20
3007,33,33
3008,20,20
3009,6,6
3010,17,17
3011,22,22
3012,23,23
3013,18,18
3014,0,0
3015,15,15
3016,22,22
3017,21,21
3018,3,3
3019,9,9
3020,20,20
3021,0,0
3022,23,23
3023,23,23
3024,6,6
3025,33,33
3026,27,27
3027,2,2
3028,10,10
3029,24,24
3030,14,14
3031,13,13
3032,20,20
3033,4,4
3034,18,18
3035,2,2
3036,33,33
3037,1,1
3038,3,3
3039,5,5
3040,23,23
3041,1,1
3042,7,7
3043,21,21
3044,3,3
3045,34,34
3046,12,12
3047,13,13
3048,15,15
3049,19,19
3050,31,31
3051,3,3
3052,15,15
3053,18,18
3054,32,32
3055,21,21
3056,4,4
3057,1,1
3058,1,1
3059,30,30
3060,3,3
3061,5,5
3062,2,2
3063,9,9
3064,24,24
3065,15,15
3066,15,15
3067,18,18
3068,20,20
3069,25,25
3070,4,4
3071,23,23
3072,17,17
3073,34,34
3074,16,16
3075,1,1
3076,4,4
3077,11,11
3078,9,9
3079,22,22
3080,28,28
3081,27,27
3082,8,8
3083,28,28
3084,1,1
3085,1,1
3086,0,0
3087,6,6
3088,34,34
3089,9,9
3090,2,2
3091,22,22
3092,23,23
3093,22,22
3094,27,27
3095,21,21
3096,24,24
3097,21,21
3098,5,5
3099,23,23
3100,8,8
3101,13,13
3102,12,12
3103,22,22
3104,25,25
3105,25,25
3106,1,1
3107,8,8
3108,13,13
3109,9,9
3110,18,18
3111,16,16
3112,19,19
3113,29,29
3114,25,25
3115,16,16
3116,19,19
3117,4,4
3118,19,19
3119,14,14
3120,13,13
3121,32,32
3122,2,2
3123,8,8
3124,29,29
3125,9,9
3126,21,21
3127,12,12
3128,27,27
3129,8,8
3130,14,14
3131,25,25
3132,8,8
3133,23,23
3134,29,29
3135,12,12
3136,18,18
3137,13,13
3138,14,14
3139,9,9
3140,9,9
3141,12,12
3142,26,26
3143,5,5
3144,27,27
3145,27,27
3146,24,24
3147,6,6
3148,30,30
3149,15,15
3150,12,12
3151,27,27
3152,14,14
3153,31,31
3154,0,0
3155,34,34
3156,16,16
3157,28,28
3158,21,21
3159,22,22
3160,31,31
3161,22,22
3162,11,11
3163,6,6
3164,32,32
3165,22,22
3166,18,18
3167,12,12
3168,28,28
3169,12,12
3170,18,18
3171,14,14
3172,8,8
3173,17,17
3174,33,33
3175,14,14
3176,12,12
3177,5,5
3178,5,5
3179,21,21
3180,6,6
3181,27,27
3182,21,21
3183,9,9
3184,34,34
3185,23,23
3186,7,7
3187,6,6
3188,11,11
3189,27,27
3190,23,23
3191,5,5
3192,15,15
3193,22,22
3194,25,25
3195,26,26
3196,6,6
3197,28,28
3198,0,0
3199,29,29
3200,22,22
3201,2,2
3202,14,14
3203,34,34
3204,3,3
3205,12,12
3206,5,5
3207,26,26
3208,9,9
3209,32,32
3210,3,3
3211,24,24
3212,0,0
3213,28,28
3214,8,8
3215,7,7
3216,10,10
3217,22,22
3218,30,30
3219,25,25
3220,25,25
3221,30,30
3222,23,23
3223,3,3
3224,18,18
3225,4,4
3226,11,11
3227,27,27
3228,16,16
3229,11,11
3230,31,31
3231,9,9
3232,20,20
3233,23,23
3234,31,31
3235,12,12
3236,29,29
3237,9,9
3238,31,31
3239,6,6
3240,34,34
3241,15,15
3242,0,0
3243,22,22
3244,0,0
3245,28,28
3246,24,24
3247,29,29
3248,30,30
3249,7,7
3250,12,12
3251,27,27
3252,6,6
3253,29,29
3254,5,5
3255,34,34
3256,22,22
3257,16,16
3258,32,32
3259,5,5
3260,25,25
3261,30,30
3262,34,34
3263,13,13
3264,7,7
3265,22,22
3266,24,24
3267,1,1
3268,26,26
3269,28,28
3270,24,24
3271,1,1
3272,1,1
3273,15,15
3274,17,17
3275,1,1
3276,20,20
3277,14,14
3278,25,25
3279,29,29
3280,12,12
3281,25,23
3282,17,17
3283,19,19
3284,11,11
3285,34,34
3286,2,2
3287,25,25
3288,32,32
3289,24,24
3290,23,23
3291,22,22
3292,26,26
3293,16,16
3294,10,10
3295,9,9
3296,23,23
3297,1,1
3298,10,10
3299,5,5
3300,22,22
3301,33,33
3302,25,25
3303,20,20
3304,4,4
3305,21,21
3306,6,6
3307,1,1
3308,11,11
3309,22,22
3310,19,19
3311,16,16
3312,30,30
3313,3,3
3314,14,14
3315,28,28
3316,6,6
3317,27,27
3318,21,21
3319,4,4
3320,13,13
3321,27,27
3322,28,28
3323,3,3
3324,7,7
3325,28,28
3326,22,22
3327,23,23
3328,27,27
3329,29,29
3330,19,19
3331,9,9
3332,3,3
3333,10,10
3334,28,28
3335,29,29
3336,28,28
3337,10,10
3338,10,10
3339,7,7
3340,11,11
3341,15,15
3342,34,34
3343,1,1
3344,11,11
3345,14,14
3346,26,26
3347,30,30
3348,9,9
3349,9,9
3350,7,7
3351,13,13
3352,2,2
3353,8,8
3354,20,20
3355,32,32
3356,28,28
3357,20,20
3358,30,30
3359,9,9
3360,33,33
3361,7,7
3362,7,7
3363,31,31
3364,4,4
3365,15,15
3366,30,30
3367,27,27
3368,24,24
3369,18,18
3370,9,9
3371,18,18
3372,12,12
3373,12,12
3374,6,6
3375,0,0
3376,23,23
3377,18,18
3378,3,3
3379,8,8
3380,17,17
3381,11,11
3382,22,22
3383,28,28
3384,29,29
3385,15,15
3386,31,31
3387,7,7
3388,7,7
3389,1,1
3390,7,7
3391,10,10
3392,14,14
3393,12,12
3394,22,22
3395,26,26
3396,1,1
3397,20,20
3398,6,6
3399,5,5
3400,1,1
3401,25,25
3402,20,20
3403,8,8
3404,27,27
3405,17,17
3406,3,3
3407,12,12
3408,0,0
3409,9,9
3410,30,30
3411,8,8
3412,10,10
3413,16,16
3414,11,11
3415,3,3
3416,2,2
3417,31,31
3418,2,2
3419,30,30
3420,14,14
3421,5,5
3422,9,9
3423,16,16
3424,7,7
3425,26,26
3426,1,1
3427,14,14
3428,4,4
3429,8,8
3430,10,10
3431,1,1
3432,4,4
3433,19,19
3434,12,12
3435,13,13
3436,32,32
3437,22,22
3438,27,27
3439,31,31
3440,14,14
3441,34,34
3442,18,18
3443,3,3
3444,17,17
3445,29,29
3446,24,24
3447,12,12
3448,11,11
3449,7,7
3450,2,2
3451,9,9
3452,10,10
3453,31,31
3454,9,9
3455,24,24
3456,13,13
3457,30,30
3458,3,3
3459,14,14
3460,7,7
3461,3,3
3462,4,4
3463,32,32
3464,10,10
3465,29,29
3466,31,31
3467,3,3
3468,25,25
3469,13,13
3470,31,31
3471,21,21
3472,3,3
3473,21,21
3474,18,18
3475,30,30
3476,27,27
3477,22,22
3478,17,17
3479,15,15
3480,10,10
3481,31,31
3482,4,4
3483,23,23
3484,26,26
3485,7,7
3486,15,15
3487,7,7
3488,25,25
3489,31,31
3490,8,8
3491,14,14
3492,10,10
3493,8,8
3494,8,8
3495,11,11
3496,3,3
3497,13,13
3498,5,5
3499,4,4
3500,11,11
3501,15,15
3502,33,33
3503,11,11
3504,31,31
3505,3,3
3506,21,21
3507,27,27
3508,14,14
3509,22,22
3510,22,22
3511,28,28
3512,10,10
3513,17,17
3514,23,23
3515,11,11
3516,26,26
3517,0,0
3518,22,22
3519,13,13
3520,21,21
3521,31,31
3522,17,25
3523,30,30
3524,28,28
3525,26,26
3526,17,17
3527,4,4
3528,16,16
3529,23,23
3530,15,15
3531,25,25
3532,5,5
3533,5,5
3534,21,21
3535,9,9
3536,0,0
3537,24,24
3538,19,19
3539,1,1
3540,17,17
3541,31,31
3542,10,10
3543,2,2
3544,26,26
3545,5,5
3546,19,19
3547,34,34
3548,30,30
3549,16,16
3550,9,9
3551,12,12
3552,2,2
3553,11,11
3554,0,0
3555,22,22
3556,34,34
3557,33,33
3558,3,3
3559,15,15
3560,12,12
3561,18,18
3562,7,7
3563,5,5
3564,27,27
3565,0,0
3566,32,32
3567,18,18
3568,31,31
3569,20,20
3570,34,34
3571,27,27
3572,33,33
3573,34,34
3574,21,21
3575,1,1
3576,6,6
3577,3,3
3578,18,18
3579,5,5
3580,17,17
3581,17,17
3582,2,2
3583,4,4
3584,19,19
3585,17,17
3586,24,24
3587,7,7
3588,29,29
3589,21,21
3590,31,31
3591,3,3
3592,30,30
3593,13,13
3594,10,10
3595,7,7
3596,24,24
3597,27,27
3598,25,25
3599,1,1
3600,23,23
3601,25,25
3602,29,29
3603,25,25
3604,6,6
3605,24,24
3606,20,20
3607,26,26
3608,8,8
3609,8,8
3610,12,12
3611,14,14
3612,23,23
3613,4,4
3614,29,29
3615,5,5
3616,18,18
3617,5,5
3618,34,34
3619,3,3
3620,15,15
3621,17,17
3622,21,21
3623,21,21
3624,13,13
3625,34,34
3626,15,15
3627,24,24
3628,31,31
3629,6,6
3630,24,24
3631,23,23
3632,24,24
3633,20,20
3634,4,4
3635,3,3
3636,31,31
3637,13,13
3638,23,23
3639,7,7
3640,31,31
3641,27,27
3642,26,26
3643,34,34
3644,11,11
3645,31,31
3646,24,24
3647,18,18
3648,27,27
3649,26,26
3650,28,28
3651,14,14
3652,0,0
3653,21,21
3654,31,31
3655,20,20
3656,26,26
3657,14,14
3658,22,22
3659,32,32
3660,23,23
3661,15,15
3662,9,9
3663,15,15
3664,33,33
3665,18,18
3666,29,29
3667,28,28
3668,5,5
3669,13,13
3670,11,11
3671,11,11
3672,0,0
3673,34,34
3674,23,23
3675,18,18
3676,21,21
3677,32,32
3678,34,34
3679,28,28
3680,24,24
3681,16,16
3682,17,17
3683,14,14
3684,29,29
3685,26,26
3686,5,5
3687,22,22
3688,29,29
3689,19,19
3690,33,33
3691,26,26
3692,22,22
3693,14,14
3694,13,13
3695,33,33
3696,31,31
3697,13,13
3698,14,14
3699,17,17
3700,29,29
3701,32,32
3702,2,2
3703,31,31
3704,26,26
3705,3,3
3706,3,3
3707,12,12
3708,1,1
3709,20,20
3710,5,5
3711,33,33
3712,28,28
3713,29,29
3714,3,3
3715,3,3
3716,11,11
3717,8,8
3718,22,22
3719,13,13
3720,26,26
3721,23,23
3722,10,10
3723,17,17
3724,9,9
3725,34,34
3726,4,4
3727,29,29
3728,23,23
3729,24,24
3730,13,13
3731,31,31
3732,34,34
3733,16,16
3734,27,27
3735,7,7
3736,19,19
3737,8,8
3738,5,5
3739,11,11
3740,1,2
3741,1,1
3742,34,34
3743,24,24
3744,13,13
3745,28,28
3746,3,3
3747,23,23
3748,14,14
3749,30,30
3750,4,4
3751,31,31
3752,14,14
3753,12,12
3754,18,18
3755,17,17
3756,1,1
3757,30,30
3758,27,27
3759,5,5
3760,3,3
3761,33,33
3762,22,22
3763,14,14
3764,33,33
3765,32,32
3766,11,11
3767,15,15
3768,34,34
3769,12,12
3770,10,10
3771,6,6
3772,0,0
3773,32,32
3774,10,10
3775,16,16
3776,7,7
3777,16,16
3778,30,30
3779,23,23
3780,27,27
3781,32,32
3782,21,21
3783,8,8
3784,10,10
3785,22,22
3786,31,31
3787,22,22
3788,3,3
3789,2,2
3790,24,24
3791,1,1
3792,25,25
3793,24,24
3794,25,25
3795,29,29
3796,12,12
3797,23,23
3798,12,12
3799,6,6
3800,19,19
3801,2,2
3802,34,34
3803,32,32
3804,6,6
3805,9,9
3806,15,15
3807,24,24
3808,3,3
3809,6,6
3810,13,13
3811,10,10
3812,5,5
3813,13,13
3814,17,17
3815,3,3
3816,6,6
3817,18,18
3818,12,12
3819,8,8
3820,32,32
3821,5,5
3822,13,13
3823,2,2
3824,21,21
3825,20,20
3826,23,23
3827,15,15
3828,32,32
3829,3,3
3830,32,32
3831,28,28
3832,29,29
3833,4,4
3834,26,26
3835,31,31
3836,17,17
3837,29,29
3838,10,10
3839,33,33
3840,12,12
3841,2,2
3842,33,33
3843,15,15
3844,3,3
3845,34,34
3846,13,13
3847,29,29
3848,3,3
3849,7,7
3850,2,2
3851,28,28
3852,16,16
3853,6,6
3854,13,13
3855,21,21
3856,31,31
3857,12,12
3858,9,9
3859,3,3
3860,26,26
3861,4,4
3862,6,6
3863,15,15
3864,34,34
3865,29,29
3866,5,5
3867,27,27
3868,20,20
3869,28,28
3870,27,27
3871,6,6
3872,33,33
3873,30,30
3874,27,27
3875,28,28
3876,13,13
3877,4,4
3878,34,34
3879,22,22
3880,23,23
3881,16,16
3882,34,34
3883,10,10
3884,0,0
3885,14,14
3886,3,3
3887,30,30
3888,4,4
3889,1,1
3890,5,5
3891,7,7
3892,5,5
3893,7,7
3894,7,7
3895,20,20
3896,13,13
3897,17,17
3898,11,11
3899,28,28
3900,11,11
3901,29,29
3902,11,11
3903,20,20
3904,16,16
3905,20,20
3906,29,29
3907,17,17
3908,3,3
3909,16,16
3910,33,33
3911,2,2
3912,1,1
3913,21,21
3914,20,20
3915,24,24
3916,28,28
3917,11,11
3918,17,17
3919,3,3
3920,20,20
3921,3,3
3922,28,28
3923,0,0
3924,0,0
3925,3,3
3926,22,22
3927,15,15
3928,23,23
3929,2,2
3930,29,29
3931,34,34
3932,10,10
3933,6,6
3934,34,34
3935,23,23
3936,5,5
3937,21,21
3938,22,22
3939,30,30
3940,34,34
3941,6,6
3942,3,3
3943,4,4
3944,30,30
3945,1,1
3946,25,25
3947,14,14
3948,14,14
3949,20,20
3950,23,23
3951,28,28
3952,11,11
3953,5,5
3954,0,0
3955,9,9
3956,12,12
3957,8,8
3958,0,0
3959,12,12
3960,20,20
3961,14,14
3962,13,13
3963,2,2
3964,30,30
3965,23,23
3966,4,4
3967,31,31
3968,19,19
3969,19,19
3970,18,18
3971,17,17
3972,2,2
3973,8,8
3974,32,32
3975,29,29
3976,11,11
3977,28,28
3978,2,2
3979,31,31
3980,10,10
3981,8,8
3982,23,23
3983,32,32
3984,7,7
3985,33,33
3986,25,25
3987,33,33
3988,17,17
3989,21,21
3990,1,1
3991,9,9
3992,23,23
3993,31,31
3994,8,8
3995,28,28
3996,21,21
3997,9,9
3998,28,28
3999,19,19
4000,22,22
4001,33,33
4002,23,23
4003,7,7
4004,8,8
4005,14,14
4006,16,16
4007,27,27
4008,24,24
4009,33,33
4010,1,1
4011,4,4
4012,27,27
4013,4,4
4014,6,6
4015,8,8
4016,6,6
4017,14,14
4018,3,3
4019,20,20
4020,33,33
4021,6,6
4022,25,25
4023,8,8
4024,31,31
4025,7,7
4026,33,33
4027,27,27
4028,20,20
4029,19,19
4030,15,15
4031,34,34
4032,29,29
4033,7,7
4034,0,0
4035,24,24
4036,24,24
4037,29,29
4038,1,1
4039,30,30
4040,29,29
4041,28,28
4042,11,11
4043,26,26
4044,6,6
4045,19,19
4046,17,17
4047,7,7
4048,30,30
4049,24,24
4050,25,25
4051,5,5
4052,22,22
4053,20,20
4054,7,7
4055,14,14
4056,26,26
4057,18,18
4058,8,8
4059,25,25
4060,17,17
4061,33,33
4062,32,32
4063,9,9
4064,33,33
4065,26,26
4066,31,31
4067,25,25
4068,17,17
4069,21,21
4070,26,26
4071,22,22
4072,18,18
4073,34,34
4074,8,8
4075,17,17
4076,4,4
4077,4,4
4078,3,3
4079,23,23
4080,2,2
4081,34,34
4082,8,8
4083,21,21
4084,30,30
4085,0,0
4086,17,17
4087,4,4
4088,1,1
4089,16,16
4090,18,18
4091,15,15
4092,27,27
4093,29,29
4094,24,24
4095,22,22
4096,31,31
4097,32,32
4098,16,16
4099,1,1
4100,12,12
4101,10,10
4102,29,29
4103,13,13
4104,10,10
4105,13,13
4106,9,9
4107,2,2
4108,23,23
4109,10,10
4110,5,5
4111,13,13
4112,4,4
4113,11,11
4114,6,6
4115,29,29
4116,9,9
4117,17,17
4118,16,16
4119,9,9
4120,7,7
4121,21,21
4122,6,6
4123,3,3
4124,0,0
4125,12,12
4126,4,4
4127,16,16
4128,8,8
4129,30,30
4130,15,15
4131,31,31
4132,8,8
4133,10,10
4134,21,21
4135,29,29
4136,29,29
4137,9,9
4138,33,33
4139,22,22
4140,7,7
4141,13,13
4142,12,12
4143,7,7
4144,28,28
4145,31,31
4146,18,18
4147,16,16
4148,14,14
4149,28,28
4150,8,8
4151,7,7
4152,33,33
4153,7,7
4154,27,27
4155,2,2
4156,32,32
4157,31,31
4158,8,8
4159,18,18
4160,28,28
4161,18,18
4162,12,12
4163,12,12
4164,34,34
4165,21,21
4166,22,22
4167,29,29
4168,21,21
4169,29,29
4170,16,16
4171,31,31
4172,20,20
4173,20,20
4174,15,15
4175,8,8
4176,21,21
4177,10,10
4178,31,31
4179,10,10
4180,25,25
4181,15,15
4182,22,22
4183,2,2
4184,22,22
4185,9,9
4186,9,9
4187,11,11
4188,10,10
4189,23,23
4190,19,19
4191,26,26
4192,19,19
4193,20,20
4194,16,16
4195,32,32
4196,19,19
4197,33,33
4198,12,12
4199,0,0
4200,5,5
4201,13,13
4202,30,30
4203,12,12
4204,21,21
4205,2,2
4206,3,3
4207,15,15
4208,16,16
4209,18,18
4210,34,34
4211,0,0
4212,7,7
4213,24,24
4214,12,12
4215,26,26
4216,21,21
4217,27,27
4218,30,30
4219,16,16
4220,23,23
4221,3,3
4222,24,24
4223,32,32
4224,8,8
4225,25,25
4226,5,5
4227,3,3
4228,20,20
4229,29,29
4230,25,25
4231,4,4
4232,14,14
4233,7,7
4234,34,34
4235,7,7
4236,21,21
4237,11,11
4238,1,1
4239,0,0
4240,8,8
4241,22,22
4242,22,22
4243,11,11
4244,13,13
4245,26,26
4246,5,5
4247,25,25
4248,15,15
4249,4,4
4250,8,8
4251,1,1
4252,19,19
4253,10,10
4254,34,34
4255,8,8
4256,29,29
4257,5,5
4258,20,20
4259,27,27
4260,31,31
4261,31,31
4262,25,25
4263,13,13
4264,15,15
4265,3,3
4266,27,27
4267,0,0
4268,13,13
4269,9,9
4270,6,6
4271,16,16
4272,31,31
4273,9,9
4274,13,13
4275,9,9
4276,24,24
4277,33,33
4278,21,21
4279,32,32
4280,24,24
4281,28,28
4282,11,11
4283,0,0
4284,21,21
4285,14,14
4286,28,28
4287,14,14
4288,29,29
4289,1,1
4290,12,12
4291,32,32
4292,6,6
4293,26,26
4294,27,27
4295,9,9
4296,6,6
4297,33,33
4298,17,17
4299,1,1
4300,4,4
4301,18,18
4302,2,2
4303,11,11
4304,2,2
4305,5,5
4306,24,24
4307,22,22
4308,32,32
4309,18,18
4310,13,13
4311,9,9
4312,15,15
4313,34,34
4314,31,31
4315,19,19
4316,17,17
4317,21,21
4318,16,16
4319,22,22
4320,13,13
4321,34,34
4322,4,4
4323,22,22
4324,28,28
4325,1,1
4326,2,2
4327,9,9
4328,11,11
4329,22,22
4330,2,2
4331,18,18
4332,21,21
4333,11,11
4334,1,1
4335,22,22
4336,3,3
4337,6,6
4338,17,17
4339,32,32
4340,13,13
4341,22,22
4342,25,25
4343,9,9
4344,6,6
4345,26,26
4346,9,9
4347,5,5
4348,24,24
4349,13,13
4350,32,32
4351,22,22
4352,31,31
4353,18,18
4354,11,11
4355,7,7
4356,0,0
4357,29,29
4358,34,34
4359,24,24
4360,25,25
4361,32,32
4362,9,9
4363,28,28
4364,27,27
4365,3,3
4366,27,27
4367,19,19
4368,5,5
4369,14,14
4370,20,20
4371,22,22
4372,8,8
4373,16,16
4374,13,13
4375,33,33
4376,34,34
4377,29,29
4378,14,14
4379,27,27
4380,8,8
4381,16,16
4382,15,15
4383,20,20
4384,9,9
4385,2,2
4386,24,24
4387,23,23
4388,10,10
4389,28,28
4390,21,21
4391,31,31
4392,25,25
4393,14,14
4394,14,14
4395,7,7
4396,31,31
4397,10,10
4398,32,32
4399,18,18
4400,14,14
4401,10,10
4402,33,33
4403,29,29
4404,9,9
4405,24,24
4406,14,14
4407,13,13
4408,10,10
4409,4,4
4410,26,26
4411,10,10
4412,15,15
4413,16,16
4414,11,11
4415,31,31
4416,14,14
4417,16,16
4418,23,23
4419,19,19
4420,33,33
4421,7,7
4422,34,34
4423,29,29
4424,12,12
4425,32,32
4426,18,18
4427,18,18
4428,20,20
4429,3,3
4430,9,9
4431,3,3
4432,33,33
4433,18,18
4434,1,1
4435,27,27
4436,17,17
4437,26,26
4438,11,11
4439,13,13
4440,23,23
4441,18,18
4442,33,33
4443,1,1
4444,14,14
4445,18,18
4446,25,25
4447,2,2
4448,23,23
4449,9,9
4450,3,3
4451,10,10
4452,21,21
4453,9,9
4454,26,26
4455,23,23
4456,25,25
4457,18,18
4458,15,15
4459,13,13
4460,6,6
4461,13,13
4462,11,11
4463,32,32
4464,25,25
4465,0,0
4466,0,0
4467,19,19
4468,9,9
4469,24,24
4470,2,2
4471,15,15
4472,29,29
4473,28,28
4474,1,1
4475,1,1
4476,12,12
4477,26,26
4478,26,26
4479,25,25
4480,8,8
4481,24,24
4482,25,25
4483,23,23
4484,23,23
4485,14,14
4486,1,1
4487,5,5
4488,6,6
4489,27,27
4490,16,16
4491,33,33
4492,26,26
4493,5,5
4494,7,7
4495,7,7
4496,0,0
4497,2,2
4498,21,21
4499,23,23
4500,26,26
4501,23,23
4502,24,24
4503,3,3
4504,33,33
4505,17,17
4506,10,10
4507,27,27
4508,7,7
4509,1,1
4510,24,24
4511,29,29
4512,0,0
4513,16,16
4514,31,31
4515,20,20
4516,32,32
4517,10,10
4518,25,25
4519,29,29
4520,9,9
4521,16,16
4522,8,8
4523,0,0
4524,27,27
4525,33,33
4526,9,9
4527,4,4
4528,32,32
4529,12,12
4530,4,4
4531,21,21
4532,26,26
4533,34,34
4534,1,1
4535,22,22
4536,2,2
4537,34,34
4538,19,19
4539,34,34
4540,26,26
4541,1,1
4542,30,30
4543,11,11
4544,6,6
4545,23,23
4546,0,0
4547,19,19
4548,27,27
4549,31,31
4550,34,34
4551,2,2
4552,18,18
4553,8,8
4554,28,28
4555,3,3
4556,34,34
4557,30,30
4558,27,27
4559,23,23
4560,8,8
4561,0,0
4562,7,7
4563,23,23
4564,2,2
4565,11,11
4566,9,9
4567,12,12
4568,34,34
4569,24,24
4570,18,18
4571,31,31
4572,10,10
4573,24,24
4574,34,34
4575,1,1
4576,19,19
4577,24,24
4578,7,7
4579,30,30
4580,21,21
4581,31,31
4582,23,23
4583,30,30
4584,32,32
4585,23,23
4586,12,12
4587,31,31
4588,11,11
4589,33,33
4590,24,24
4591,33,33
4592,24,24
4593,33,33
4594,0,0
4595,8,8
4596,29,29
4597,26,26
4598,22,22
4599,17,17
4600,31,31
4601,34,34
4602,27,27
4603,18,18
4604,0,0
4605,11,11
4606,11,11
4607,27,27
4608,28,28
4609,8,8
4610,0,0
4611,19,19
4612,10,10
4613,17,17
4614,12,12
4615,3,3
4616,16,16
4617,8,8
4618,20,20
4619,26,26
4620,34,34
4621,31,31
4622,22,22
4623,21,21
4624,6,6
4625,13,13
4626,14,14
4627,19,19
4628,0,0
4629,23,23
4630,0,0
4631,28,28
4632,7,7
4633,9,9
4634,10,10
4635,13,13
4636,27,27
4637,9,9
4638,0,0
4639,19,19
4640,21,21
4641,25,25
4642,34,34
4643,17,17
4644,26,26
4645,0,0
4646,32,32
4647,33,33
4648,5,5
4649,17,17
4650,8,8
4651,33,33
4652,9,9
4653,25,25
4654,1,1
4655,0,0
4656,34,34
4657,26,26
4658,33,33
4659,8,8
4660,15,15
4661,17,17
4662,15,15
4663,25,25
4664,15,15
4665,23,23
4666,11,11
4667,7,7
4668,20,20
4669,19,19
4670,25,25
4671,8,8
4672,33,33
4673,24,24
4674,25,25
4675,3,3
4676,24,24
4677,28,28
4678,29,29
4679,1,1
4680,18,18
4681,23,23
4682,30,30
4683,15,15
4684,11,11
4685,19,19
4686,29,29
4687,31,31
4688,5,5
4689,29,29
4690,5,5
4691,18,18
4692,16,16
4693,26,26
4694,7,7
4695,18,18
4696,5,5
4697,9,9
4698,16,16
4699,12,12
4700,33,33
4701,24,24
4702,0,0
4703,33,33
4704,9,9
4705,4,4
4706,18,18
4707,11,11
4708,4,4
4709,25,25
4710,33,33
4711,12,12
4712,28,28
4713,0,0
4714,20,20
4715,6,6
4716,0,0
4717,26,26
4718,28,28
4719,6,6
4720,32,32
4721,6,6
4722,32,32
4723,20,20
4724,21,21
4725,30,30
4726,8,8
4727,20,20
4728,25,25
4729,20,20
4730,23,23
4731,8,8
4732,0,0
4733,16,16
4734,11,11
4735,8,8
4736,14,14
4737,19,19
4738,28,28
4739,5,5
4740,1,1
4741,22,22
4742,7,7
4743,0,0
4744,9,9
4745,2,2
4746,34,34
4747,9,9
4748,33,33
4749,10,10
4750,20,20
4751,11,11
4752,8,8
4753,21,21
4754,33,33
4755,32,32
4756,34,34
4757,24,24
4758,29,29
4759,1,1
4760,23,23
4761,19,19
4762,18,18
4763,12,12
4764,8,8
4765,19,19
4766,4,4
4767,30,30
4768,23,23
4769,34,34
4770,27,27
4771,10,10
4772,28,28
4773,6,6
4774,33,33
4775,16,16
4776,17,17
4777,26,26
4778,33,33
4779,1,1
4780,10,10
4781,3,3
4782,30,30
4783,8,8
4784,25,25
4785,23,23
4786,1,1
4787,8,8
4788,6,6
4789,25,25
4790,22,22
4791,14,14
4792,8,8
4793,28,28
4794,33,33
4795,8,8
4796,6,6
4797,11,11
4798,32,32
4799,30,30
4800,6,6
4801,16,16
4802,30,30
4803,10,10
4804,21,21
4805,14,14
4806,29,29
4807,26,26
4808,13,13
4809,4,4
4810,27,27
4811,22,22
4812,33,33
4813,27,27
4814,20,20
4815,9,9
4816,12,12
4817,25,25
4818,17,17
4819,31,31
4820,28,28
4821,34,34
4822,9,9
4823,31,31
4824,29,29
4825,28,28
4826,32,32
4827,0,0
4828,21,21
4829,33,33
4830,15,15
4831,8,8
4832,28,28
4833,1,1
4834,28,28
4835,24,24
4836,30,30
4837,2,2
4838,24,24
4839,25,25
4840,15,15
4841,29,29
4842,29,29
4843,10,10
4844,17,17
4845,0,0
4846,24,24
4847,25,25
4848,18,18
4849,22,22
4850,26,26
4851,30,30
4852,10,10
4853,17,17
4854,25,25
4855,32,32
4856,29,29
4857,9,9
4858,13,13
4859,23,23
4860,24,24
4861,21,21
4862,30,30
4863,12,12
4864,19,19
4865,25,25
4866,25,25
4867,2,2
4868,8,8
4869,20,20
4870,1,1
4871,6,6
4872,23,23
4873,26,26
4874,32,32
4875,26,26
4876,14,14
4877,5,5
4878,29,29
4879,16,16
4880,20,20
4881,21,21
4882,32,32
4883,32,32
4884,21,21
4885,15,15
4886,32,32
4887,24,24
4888,25,25
4889,25,25
4890,7,7
4891,25,25
4892,4,4
4893,32,32
4894,24,24
4895,17,17
4896,7,7
4897,1,1
4898,27,27
4899,4,4
4900,6,6
4901,15,15
4902,0,0
4903,0,0
4904,12,12
4905,1,1
4906,17,17
4907,4,4
4908,16,16
4909,29,29
4910,23,23
4911,19,19
4912,20,20
4913,11,11
4914,14,14
4915,1,1
4916,28,28
4917,1,1
4918,25,25
4919,0,0
4920,10,10
4921,8,8
4922,6,6
4923,20,20
4924,5,5
4925,16,16
4926,9,9
4927,19,19
4928,23,23
4929,18,18
4930,17,17
4931,6,6
4932,16,16
4933,12,12
4934,28,28
4935,18,18
4936,13,13
4937,27,27
4938,24,24
4939,13,13
4940,23,23
4941,18,18
4942,20,20
4943,4,4
4944,33,33
4945,12,12
4946,3,3
4947,19,19
4948,18,18
4949,29,29
4950,22,22
4951,1,1
4952,30,30
4953,31,31
4954,6,6
4955,34,34
4956,34,34
4957,28,28
4958,19,19
4959,13,13
4960,26,26
4961,27,27
4962,31,31
4963,7,7
4964,18,18
4965,12,12
4966,4,4
4967,7,7
4968,3,3
4969,32,32
4970,33,33
4971,7,7
4972,34,34
4973,17,17
4974,26,26
4975,9,9
4976,3,3
4977,4,4
4978,15,15
4979,21,21
4980,13,13
4981,19,19
4982,2,2
4983,11,11
4984,23,23
4985,17,17
4986,18,18
4987,12,12
4988,20,20
4989,29,29
4990,29,29
4991,5,5
4992,24,24
4993,10,10
4994,0,0
4995,14,14
4996,20,20
4997,8,8
4998,13,13
4999,23,23
5000,17,17
5001,14,14
5002,24,24
5003,24,24
5004,32,32
5005,25,25
5006,17,17
5007,19,19
5008,10,10
5009,5,5
5010,3,3
5011,22,22
5012,28,28
5013,8,8
5014,8,8
5015,33,33
5016,18,18
5017,26,26
5018,16,16
5019,30,30
5020,17,17
5021,13,13
5022,28,28
5023,13,13
5024,7,7
5025,1,1
5026,21,21
5027,12,12
5028,22,22
5029,32,32
5030,8,8
5031,10,10
5032,12,12
5033,5,5
5034,30,30
5035,13,13
5036,21,21
5037,10,10
5038,26,26
5039,24,24
5040,32,32
5041,29,29
5042,25,25
5043,11,11
5044,23,23
5045,2,2
5046,3,3
5047,32,32
5048,5,5
5049,0,0
5050,20,20
5051,13,13
5052,13,13
5053,22,22
5054,23,23
5055,12,12
5056,23,23
5057,32,32
5058,30,30
5059,34,34
5060,18,18
5061,17,17
5062,6,6
5063,22,22
5064,12,12
5065,14,14
5066,18,18
5067,34,34
5068,4,4
5069,21,21
5070,26,26
5071,5,5
5072,7,7
5073,16,16
5074,9,9
5075,22,22
5076,21,21
5077,2,2
5078,30,30
5079,2,2
5080,24,24
5081,27,27
5082,14,14
5083,26,26
5084,29,29
5085,30,30
5086,32,32
5087,14,14
5088,12,12
5089,30,30
5090,4,4
5091,27,27
5092,5,5
5093,34,34
5094,29,29
5095,25,25
5096,14,14
5097,26,26
5098,26,26
5099,5,5
5100,21,21
5101,25,25
5102,18,18
5103,11,11
5104,10,10
5105,19,19
5106,12,12
5107,9,9
5108,15,15
5109,4,4
5110,27,27
5111,8,8
5112,16,16
5113,31,31
5114,13,13
5115,21,21
5116,28,28
5117,27,27
5118,4,4
5119,30,30
5120,28,28
5121,16,16
5122,5,5
5123,23,23
5124,7,7
5125,24,24
5126,16,16
5127,9,9
5128,2,2
5129,4,4
5130,13,13
5131,27,27
5132,10,10
5133,28,28
5134,4,4
5135,14,14
5136,34,34
5137,18,18
5138,32,32
5139,14,14
5140,16,16
5141,5,5
5142,11,11
5143,26,26
5144,0,0
5145,16,16
5146,27,27
5147,23,23
5148,24,24
5149,16,16
5150,4,4
5151,3,3
5152,8,8
5153,30,30
5154,22,22
5155,0,0
5156,8,8
5157,32,32
5158,2,2
5159,25,25
5160,24,24
5161,23,23
5162,24,24
5163,5,5
5164,26,26
5165,2,2
5166,23,23
5167,0,0
5168,17,17
5169,12,12
5170,20,20
5171,33,33
5172,23,23
5173,32,32
5174,23,23
5175,26,26
5176,20,20
5177,29,29
5178,3,3
5179,13,13
5180,22,22
5181,1,1
5182,10,10
5183,13,13
5184,10,10
5185,7,7
5186,2,2
5187,27,27
5188,10,10
5189,28,28
5190,16,16
5191,14,14
5192,25,25
5193,12,12
5194,18,18
5195,1,1
5196,34,34
5197,0,0
5198,11,11
5199,16,16
5200,12,12
5201,8,8
5202,21,21
5203,29,29
5204,29,29
5205,16,16
5206,1,1
5207,1,1
5208,26,26
5209,30,30
5210,24,24
5211,33,33
5212,3,3
5213,14,14
5214,19,19
5215,11,11
5216,25,25
5217,9,9
5218,14,14
5219,12,12
5220,10,10
5221,5,5
5222,17,17
5223,27,27
5224,33,33
5225,28,28
5226,19,19
5227,23,23
5228,31,31
5229,22,22
5230,6,6
5231,15,15
5232,9,9
5233,22,22
5234,12,12
5235,2,2
5236,1,1
5237,20,20
5238,15,15
5239,8,8
5240,32,32
5241,14,14
5242,10,10
5243,4,4
5244,13,13
5245,1,1
5246,31,31
5247,4,4
5248,21,21
5249,23,23
5250,33,33
5251,9,9
5252,20,20
5253,30,30
5254,16,16
5255,15,15
5256,22,22
5257,21,21
5258,32,32
5259,30,30
5260,3,3
5261,10,10
5262,21,21
5263,13,13
5264,6,6
5265,8,8
5266,4,4
5267,4,4
5268,11,11
5269,16,16
5270,19,19
5271,6,6
5272,27,27
5273,31,31
5274,19,19
5275,10,10
5276,17,17
5277,27,27
5278,31,31
5279,20,20
5280,11,11
5281,5,5
5282,26,26
5283,31,31
5284,22,22
5285,34,34
5286,24,24
5287,15,15
5288,16,16
5289,0,0
5290,33,33
5291,18,18
5292,13,13
5293,20,20
5294,7,7
5295,12,12
5296,26,26
5297,21,21
5298,29,29
5299,21,21
5300,4,4
5301,2,2
5302,28,28
5303,9,9
5304,19,19
5305,31,31
5306,31,31
5307,34,34
5308,13,13
5309,0,0
5310,10,10
5311,32,32
5312,2,2
5313,5,5
5314,32,32
5315,18,18
5316,2,2
5317,34,34
5318,23,23
5319,24,24
5320,18,18
5321,11,11
5322,10,10
5323,4,4
5324,26,26
5325,25,25
5326,21,21
5327,27,27
5328,7,7
5329,8,8
5330,32,32
5331,34,34
5332,5,5
5333,23,23
5334,28,28
5335,28,28
5336,23,23
5337,30,30
5338,27,27
5339,17,17
5340,6,6
5341,0,0
5342,29,29
5343,12,12
5344,21,21
5345,3,3
5346,15,15
5347,3,3
5348,10,10
5349,1,1
5350,23,23
5351,3,3
5352,12,12
5353,33,33
5354,3,3
5355,12,12
5356,24,24
5357,8,8
5358,26,26
5359,19,19
5360,17,17
5361,9,9
5362,34,34
5363,4,4
5364,18,18
5365,7,7
5366,7,7
5367,0,0
5368,27,27
5369,31,31
5370,34,34
5371,24,24
5372,2,2
5373,27,27
5374,19,19
5375,10,10
5376,15,15
5377,3,3
5378,25,25
5379,19,19
5380,12,12
5381,20,20
5382,8,8
5383,23,23
5384,4,4
5385,5,5
5386,3,3
5387,28,28
5388,10,10
5389,18,18
5390,32,32
5391,20,20
5392,24,24
5393,9,9
5394,6,6
5395,0,0
5396,14,14
5397,22,22
5398,24,24
5399,9,9
5400,18,18
5401,23,23
5402,12,12
5403,15,15
5404,9,9
5405,19,19
5406,1,1
5407,24,24
5408,12,12
5409,13,13
5410,11,11
5411,18,18
5412,33,33
5413,15,15
5414,14,14
5415,4,4
5416,22,22
5417,32,32
5418,22,22
5419,1,1
5420,14,14
5421,26,26
5422,2,2
5423,28,28
5424,28,28
5425,0,0
5426,21,21
5427,30,30
5428,26,26
5429,24,24
5430,22,22
5431,31,31
5432,7,7
5433,30,30
5434,30,30
5435,16,16
5436,29,29
5437,6,6
5438,0,0
5439,0,0
5440,7,7
5441,1,1
5442,11,11
5443,4,4
5444,3,3
5445,14,14
5446,21,21
5447,1,1
5448,1,1
5449,21,21
5450,7,7
5451,5,5
5452,33,33
5453,26,26
5454,9,9
5455,20,20
5456,27,27
5457,14,14
5458,0,0
5459,16,16
5460,18,18
5461,2,2
5462,1,1
5463,23,23
5464,22,22
5465,6,6
5466,5,5
5467,8,8
5468,26,26
5469,0,0
5470,1,1
5471,20,20
5472,13,13
5473,19,19
5474,31,31
5475,19,19
5476,13,13
5477,19,19
5478,18,18
5479,28,28
5480,30,30
5481,11,11
5482,16,16
5483,9,9
5484,25,25
5485,27,27
5486,15,15
5487,29,29
5488,10,10
5489,23,23
5490,28,28
5491,32,32
5492,3,3
5493,32,32
5494,20,20
5495,25,25
5496,8,8
5497,17,17
5498,3,3
5499,29,29
5500,22,22
5501,21,21
5502,15,15
5503,29,29
5504,29,29
5505,19,19
5506,19,19
5507,7,7
5508,26,26
5509,23,23
5510,0,0
5511,1,1
5512,12,12
5513,6,6
5514,26,26
5515,12,12
5516,10,10
5517,15,15
5518,16,16
5519,0,0
5520,18,18
5521,22,22
5522,5,5
5523,6,6
5524,29,29
5525,15,15
5526,2,2
5527,18,18
5528,26,26
5529,20,20
5530,7,7
5531,14,14
5532,15,15
5533,18,18
5534,20,20
5535,20,20
5536,12,12
5537,16,16
5538,16,16
5539,2,2
5540,24,24
5541,17,17
5542,17,17
5543,16,16
5544,13,13
5545,17,17
5546,18,18
5547,32,32
5548,16,16
5549,2,2
5550,11,11
5551,4,4
5552,5,5
5553,17,17
5554,24,24
5555,12,12
5556,30,30
5557,10,10
5558,29,29
5559,25,25
5560,21,21
5561,5,5
5562,12,12
5563,1,1
5564,15,15
5565,16,16
5566,10,10
5567,32,32
5568,18,18
5569,24,24
5570,29,29
5571,11,11
5572,22,22
5573,23,23
5574,11,11
5575,5,5
5576,21,21
5577,28,28
5578,22,22
5579,33,33
5580,1,1
5581,11,11
5582,26,26
5583,7,7
5584,31,31
5585,7,7
5586,15,15
5587,0,0
5588,7,7
5589,2,2
5590,6,6
5591,1,1
5592,28,28
5593,30,30
5594,16,16
5595,10,10
5596,0,0
5597,32,32
5598,24,24
5599,31,31
5600,4,4
5601,30,30
5602,32,32
5603,28,28
5604,3,3
5605,32,32
5606,11,11
5607,1,1
5608,1,1
5609,20,20
5610,3,3
5611,2,2
5612,0,0
5613,2,2
5614,30,30
5615,5,5
5616,25,25
5617,29,29
5618,3,3
5619,11,11
5620,21,21
5621,33,33
5622,29,29
5623,3,3
5624,22,22
5625,31,31
5626,27,27
5627,17,17
5628,10,10
5629,5,5
5630,5,5
5631,27,27
5632,20,20
5633,6,6
5634,9,9
5635,25,25
5636,30,30
5637,12,12
5638,25,25
5639,12,12
5640,28,28
5641,24,24
5642,23,23
5643,9,9
5644,5,5
5645,15,15
5646,33,33
5647,5,5
5648,21,21
5649,24,24
5650,34,34
5651,22,22
5652,6,6
5653,2,1
5654,32,32
5655,18,18
5656,15,15
5657,31,31
5658,32,32
5659,17,17
5660,30,30
5661,13,13
5662,17,17
5663,11,11
5664,26,26
5665,18,18
5666,25,25
5667,29,29
5668,29,29
5669,25,25
5670,6,6
5671,18,18
5672,10,10
5673,25,25
5674,31,31
5675,29,29
5676,28,28
5677,6,6
5678,11,11
5679,9,9
5680,18,18
5681,5,5
5682,12,12
5683,16,16
5684,21,21
5685,21,21
5686,22,22
5687,7,7
5688,1,1
5689,8,8
5690,19,19
5691,16,16
5692,14,14
5693,5,5
5694,28,28
5695,15,15
5696,15,15
5697,30,30
5698,8,8
5699,6,6
5700,0,0
5701,15,15
5702,17,17
5703,21,21
5704,0,0
5705,15,15
5706,23,23
5707,16,16
5708,25,25
5709,9,9
5710,7,7
5711,9,9
5712,18,18
5713,16,16
5714,32,32
5715,24,24
5716,20,20
5717,16,16
5718,12,12
5719,26,26
5720,28,28
5721,12,12
5722,19,19
5723,21,21
5724,28,28
5725,25,25
5726,13,13
5727,20,20
5728,0,0
5729,20,20
5730,5,5
5731,24,24
5732,24,24
5733,24,24
5734,3,3
5735,30,30
5736,9,9
5737,12,12
5738,5,5
5739,12,12
5740,27,27
5741,18,18
5742,12,12
5743,23,23
5744,20,20
5745,21,21
5746,28,28
5747,11,11
5748,21,21
5749,7,7
5750,14,14
5751,1,1
5752,6,6
5753,17,17
5754,8,8
5755,15,15
5756,12,12
5757,27,27
5758,13,13
5759,5,5
5760,33,33
5761,9,9
5762,19,19
5763,10,10
5764,28,28
5765,32,32
5766,32,32
5767,24,24
5768,22,22
5769,34,34
5770,12,12
5771,23,23
5772,15,15
5773,8,8
5774,7,7
5775,19,19
5776,24,24
5777,29,29
5778,28,28
5779,2,2
5780,31,31
5781,9,9
5782,5,5
5783,0,0
5784,2,2
5785,33,33
5786,27,27
5787,30,30
5788,24,24
5789,14,14
5790,18,18
5791,9,9
5792,30,30
5793,27,27
5794,6,6
5795,30,30
5796,14,14
5797,23,23
5798,14,14
5799,31,31
5800,0,0
5801,30,30
5802,21,21
5803,32,32
5804,21,21
5805,30,30
5806,12,12
5807,15,15
5808,15,15
5809,10,10
5810,19,19
5811,13,13
5812,1,1
5813,23,23
5814,12,12
5815,0,0
5816,8,8
5817,28,28
5818,6,6
5819,3,3
5820,17,17
5821,20,20
5822,34,34
5823,7,7
5824,23,23
5825,18,18
5826,3,3
5827,17,17
5828,8,8
5829,9,9
5830,7,7
5831,28,28
5832,29,29
5833,26,26
5834,27,27
5835,10,10
5836,34,34
5837,31,31
5838,17,17
5839,0,0
5840,4,4
5841,30,30
5842,6,6
5843,23,23
5844,13,13
5845,13,13
5846,32,32
5847,25,25
5848,28,28
5849,12,12
5850,11,11
5851,33,33
5852,13,13
5853,9,9
5854,32,32
5855,15,15
5856,7,7
5857,17,17
5858,17,17
5859,29,29
5860,8,8
5861,23,23
5862,30,30
5863,28,28
5864,25,25
5865,32,32
5866,1,1
5867,9,9
5868,22,22
5869,26,26
5870,14,14
5871,9,9
5872,6,6
5873,20,20
5874,25,25
5875,30,30
5876,13,13
5877,15,15
5878,23,23
5879,33,33
5880,25,25
5881,1,1
5882,25,25
5883,15,15
5884,22,22
5885,13,13
5886,2,2
5887,29,29
5888,13,13
5889,21,21
5890,20,20
5891,23,23
5892,27,27
5893,24,24
5894,0,0
5895,11,11
5896,28,28
5897,15,15
5898,22,22
5899,30,30
5900,20,20
5901,33,33
5902,19,19
5903,0,0
5904,9,9
5905,34,34
5906,21,21
5907,3,3
5908,14,14
5909,16,16
5910,14,14
5911,31,31
5912,2,2
5913,19,19
5914,16,16
5915,5,5
5916,28,28
5917,15,15
5918,22,22
5919,22,22
5920,30,30
5921,21,21
5922,14,14
5923,2,2
5924,30,30
5925,24,24
5926,34,34
5927,14,14
5928,21,21
5929,29,29
5930,28,28
5931,6,6
5932,29,29
5933,23,23
5934,34,34
5935,13,13
5936,17,17
5937,8,8
5938,2,2
5939,23,23
5940,3,3
5941,31,31
5942,2,2
5943,26,26
5944,15,15
5945,23,23
5946,3,3
5947,21,21
5948,0,0
5949,13,13
5950,19,19
5951,17,17
5952,0,0
5953,7,7
5954,29,29
5955,4,4
5956,12,12
5957,4,4
5958,2,2
5959,33,33
5960,14,14
5961,17,17
5962,23,23
5963,16,16
5964,27,27
5965,4,4
5966,13,13
5967,18,18
5968,6,6
5969,9,9
5970,20,20
5971,5,5
5972,21,21
5973,5,5
5974,4,4
5975,14,14
5976,4,4
5977,30,30
5978,7,7
5979,0,0
5980,19,19
5981,33,33
5982,3,3
5983,26,26
5984,31,31
5985,22,22
5986,4,4
5987,11,11
5988,29,29
5989,15,15
5990,24,24
5991,0,0
5992,10,10
5993,26,26
5994,10,10
5995,22,22
5996,24,24
5997,12,12
5998,16,16
5999,10,10
6000,23,23
6001,10,10
6002,21,21
6003,14,14
6004,30,30
6005,16,16
6006,13,13
6007,13,13
6008,30,30
6009,27,27
6010,9,9
6011,31,31
6012,11,11
6013,14,14
6014,34,34
6015,11,11
6016,28,28
6017,8,8
6018,19,19
6019,29,29
6020,15,15
6021,20,20
6022,30,30
6023,27,27
6024,32,32
6025,23,23
6026,2,2
6027,29,29
6028,25,25
6029,9,9
6030,7,7
6031,8,8
6032,12,12
6033,9,9
6034,4,4
6035,0,0
6036,33,33
6037,29,29
6038,22,22
6039,14,14
6040,32,32
6041,31,31
6042,30,30
6043,28,28
6044,30,30
6045,20,20
6046,28,28
6047,2,2
6048,7,7
6049,34,34
6050,25,25
6051,12,12
6052,13,13
6053,22,22
6054,27,27
6055,33,33
6056,7,7
6057,1,1
6058,20,20
6059,15,15
6060,9,9
6061,13,13
6062,12,12
6063,33,33
6064,6,6
6065,18,18
6066,25,25
6067,10,10
6068,15,15
6069,2,2
6070,33,33
6071,22,22
6072,30,30
6073,0,0
6074,20,20
6075,24,24
6076,33,33
6077,31,31
6078,7,7
6079,29,29
6080,12,12
6081,4,4
6082,22,22
6083,30,30
6084,24,24
6085,10,10
6086,17,17
6087,5,5
6088,4,4
6089,30,30
6090,14,14
6091,21,21
6092,22,22
6093,15,15
6094,30,30
6095,5,5
6096,26,26
6097,26,26
6098,15,15
6099,26,26
6100,30,30
6101,1,1
6102,0,0
6103,3,3
6104,19,19
6105,21,21
6106,33,33
6107,19,19
6108,12,12
6109,20,20
6110,34,34
6111,20,20
6112,1,1
6113,27,27
6114,18,18
6115,13,13
6116,33,33
6117,27,27
6118,15,15
6119,23,23
6120,22,22
6121,4,4
6122,14,14
6123,9,9
6124,34,34
6125,18,18
6126,17,17
6127,10,10
6128,31,31
6129,24,24
6130,21,21
6131,19,19
6132,18,18
6133,1,1
6134,27,27
6135,1,1
6136,15,15
6137,30,30
6138,27,27
6139,13,13
6140,17,17
6141,27,27
6142,7,7
6143,18,18
6144,17,17
6145,26,26
6146,19,19
6147,18,18
6148,18,18
6149,8,8
6150,5,5
6151,12,12
6152,5,5
6153,1,1
6154,7,7
6155,22,22
6156,15,15
6157,24,24
6158,8,8
6159,27,27
6160,30,30
6161,33,33
6162,15,15
6163,14,14
6164,29,29
6165,33,33
6166,24,24
6167,15,15
6168,10,10
6169,5,5
6170,13,13
6171,33,33
6172,17,17
6173,19,19
6174,23,23
6175,17,17
6176,2,2
6177,13,13
6178,25,25
6179,26,26
6180,14,14
6181,2,2
6182,7,7
6183,28,28
6184,34,34
6185,15,15
6186,22,22
6187,9,9
6188,18,18
6189,12,12
6190,13,13
6191,27,27
6192,13,13
6193,9,9
6194,15,15
6195,7,7
6196,25,25
6197,5,5
6198,1,1
6199,10,10
6200,15,15
6201,30,30
6202,8,8
6203,15,15
6204,25,25
6205,9,9
6206,3,3
6207,25,25
6208,26,26
6209,30,30
6210,5,5
6211,17,17
6212,26,26
6213,6,6
6214,19,19
6215,2,2
6216,18,18
6217,15,15
6218,7,7
6219,9,9
6220,1,1
6221,1,1
6222,33,33
6223,9,9
6224,30,30
6225,34,34
6226,4,4
6227,17,17
6228,24,24
6229,22,22
6230,27,27
6231,28,28
6232,19,19
6233,28,28
6234,32,32
6235,17,17
6236,4,4
6237,23,23
6238,33,33
6239,14,14
6240,17,17
6241,19,19
6242,19,19
6243,24,24
6244,5,5
6245,22,22
6246,5,5
6247,20,20
6248,13,13
6249,33,33
6250,25,25
6251,22,22
6252,19,19
6253,1,1
6254,25,25
6255,19,19
6256,7,7
6257,4,4
6258,16,16
6259,33,33
6260,14,14
6261,3,3
6262,7,7
6263,14,14
6264,16,16
6265,16,16
6266,22,22
6267,5,5
6268,33,33
6269,22,22
6270,1,1
6271,25,25
6272,16,16
6273,24,24
6274,30,30
6275,28,28
6276,10,10
6277,5,5
6278,10,10
6279,5,5
6280,0,0
6281,10,10
6282,33,33
6283,20,20
6284,22,22
6285,29,29
6286,33,33
6287,21,21
6288,2,2
6289,15,15
6290,30,30
6291,19,19
6292,21,21
6293,7,7
6294,34,34
6295,7,7
6296,1,1
6297,27,27
6298,31,31
6299,31,31
6300,9,9
6301,9,9
6302,19,19
6303,10,10
6304,27,27
6305,3,3
6306,10,10
6307,22,22
6308,12,12
6309,4,4
6310,23,23
6311,15,15
6312,28,28
6313,11,11
6314,27,27
6315,20,20
6316,1,1
6317,12,12
6318,31,31
6319,19,19
6320,26,26
6321,1,1
6322,17,17
6323,3,3
6324,3,3
6325,6,6
6326,21,21
6327,0,0
6328,17,17
6329,2,2
6330,32,32
6331,30,30
6332,15,15
6333,19,19
6334,25,25
6335,13,13
6336,1,1
6337,9,9
6338,12,12
6339,22,22
6340,10,10
6341,28,28
6342,25,25
6343,9,9
6344,9,9
6345,26,26
6346,21,21
6347,32,32
6348,30,30
6349,7,7
6350,32,32
6351,16,16
6352,6,6
6353,4,4
6354,21,21
6355,34,34
6356,11,11
6357,2,2
6358,22,22
6359,19,19
6360,25,25
6361,30,30
6362,20,20
6363,4,4
6364,15,15
6365,33,33
6366,34,34
6367,9,9
6368,25,25
6369,31,31
6370,21,21
6371,29,29
6372,20,20
6373,0,0
6374,8,8
6375,15,15
6376,3,3
6377,21,21
6378,5,5
6379,1,1
6380,11,11
6381,19,19
6382,30,30
6383,27,27
6384,19,19
6385,14,14
6386,32,32
6387,12,12
6388,24,24
6389,0,0
6390,15,15
6391,33,33
6392,31,31
6393,31,31
6394,33,33
6395,33,33
6396,14,14
6397,24,24
6398,6,6
6399,6,6
6400,21,21
6401,18,18
6402,31,31
6403,21,21
6404,33,33
6405,20,20
6406,3,3
6407,28,28
6408,1,1
6409,32,32
6410,31,31
6411,9,9
6412,27,27
6413,1,1
6414,22,22
6415,11,11
6416,31,31
6417,27,27
6418,33,33
6419,21,21
6420,15,15
6421,7,7
6422,34,34
6423,8,8
6424,29,29
6425,25,25
6426,3,3
6427,4,4
6428,21,21
6429,21,21
6430,5,5
6431,26,26
6432,16,16
6433,2,2
6434,2,2
6435,5,5
6436,4,4
6437,3,3
6438,4,4
6439,11,11
6440,4,4
6441,10,10
6442,13,13
6443,32,32
6444,10,10
6445,20,20
6446,32,32
6447,19,19
6448,21,21
6449,24,24
6450,9,9
6451,31,31
6452,27,27
6453,3,3
6454,17,17
6455,11,11
6456,24,24
6457,5,5
6458,2,2
6459,10,10
6460,10,10
6461,32,32
6462,28,28
6463,20,20
6464,12,12
6465,7,7
6466,4,4
6467,34,34
6468,14,14
6469,22,22
6470,29,29
6471,17,17
6472,33,33
6473,6,6
6474,6,6
6475,25,25
6476,18,18
6477,21,21
6478,9,9
6479,17,17
6480,14,14
6481,28,28
6482,27,27
6483,3,3
6484,15,15
6485,32,32
6486,26,26
6487,29,29
6488,33,33
6489,21,21
6490,14,14
6491,3,3
6492,30,30
6493,27,27
6494,0,0
6495,34,34
6496,17,17
6497,11,11
6498,30,30
6499,27,27
6500,21,21
6501,10,10
6502,22,22
6503,28,28
6504,9,9
6505,2,2
6506,19,19
6507,2,2
6508,13,13
6509,13,13
6510,15,15
6511,34,34
6512,6,6
6513,31,31
6514,31,31
6515,25,25
6516,34,34
6517,16,16
6518,14,14
6519,27,27
6520,14,14
6521,27,27
6522,7,7
6523,18,18
6524,19,19
6525,34,34
6526,30,30
6527,29,29
6528,26,26
6529,26,26
6530,0,0
6531,3,3
6532,15,15
6533,19,19
6534,34,34
6535,28,28
6536,5,5
6537,13,13
6538,29,29
6539,6,6
6540,27,27
6541,22,22
6542,5,5
6543,6,6
6544,10,10
6545,10,10
6546,9,9
6547,6,6
6548,14,14
6549,6,6
6550,4,4
6551,27,27
6552,34,34
6553,4,4
6554,10,10
6555,32,32
6556,26,26
6557,32,32
6558,3,3
6559,4,4
6560,7,7
6561,8,8
6562,22,22
6563,22,22
6564,31,31
6565,25,25
6566,31,31
6567,4,4
6568,12,12
6569,7,7
6570,34,34
6571,6,6
6572,11,11
6573,21,21
6574,30,30
6575,26,26
6576,28,28
6577,0,0
6578,1,1
6579,18,18
6580,8,8
6581,22,22
6582,20,20
6583,33,33
6584,23,23
6585,30,30
6586,26,26
6587,25,25
6588,25,25
6589,34,34
6590,1,1
6591,32,32
6592,28,28
6593,25,25
6594,1,1
6595,8,8
6596,3,3
6597,30,30
6598,9,9
6599,31,31
6600,0,0
6601,30,30
6602,20,20
6603,33,33
6604,5,5
6605,28,28
6606,33,33
6607,2,2
6608,21,21
6609,25,25
6610,21,21
6611,2,2
6612,6,6
6613,10,10
6614,13,13
6615,7,7
6616,24,24
6617,2,2
6618,19,19
6619,8,8
6620,8,8
6621,3,3
6622,33,33
6623,26,26
6624,6,6
6625,34,34
6626,7,7
6627,28,28
6628,11,11
6629,12,12
6630,23,23
6631,4,4
6632,29,29
6633,15,15
6634,33,33
6635,2,2
6636,27,27
6637,4,4
6638,3,3
6639,3,3
6640,6,6
6641,10,10
6642,24,24
6643,1,1
6644,24,24
6645,21,21
6646,24,24
6647,16,16
6648,24,24
6649,26,26
6650,8,8
6651,28,28
6652,12,12
6653,33,33
6654,9,9
6655,11,11
6656,14,14
6657,3,3
6658,18,18
6659,34,34
6660,29,29
6661,16,16
6662,34,34
6663,2,2
6664,23,23
6665,17,17
6666,18,18
6667,20,20
6668,25,25
6669,28,28
6670,8,8
6671,23,23
6672,11,11
6673,14,14
6674,32,32
6675,0,0
6676,24,24
6677,14,14
6678,18,18
6679,4,4
6680,28,28
6681,33,33
6682,10,10
6683,22,22
6684,11,11
6685,11,11
6686,21,21
6687,20,20
6688,20,20
6689,7,7
6690,3,3
6691,2,2
6692,22,22
6693,5,5
6694,18,18
6695,27,27
6696,32,32
6697,30,30
6698,17,17
6699,6,6
6700,30,30
6701,28,28
6702,18,18
6703,19,19
6704,27,27
6705,8,8
6706,34,34
6707,12,12
6708,0,0
6709,17,17
6710,33,33
6711,16,16
6712,3,3
6713,17,17
6714,23,23
6715,34,34
6716,4,4
6717,0,0
6718,19,19
6719,1,1
6720,6,6
6721,23,23
6722,31,31
6723,22,22
6724,21,21
6725,29,29
6726,14,14
6727,3,3
6728,3,3
6729,4,4
6730,10,10
6731,23,23
6732,22,22
6733,10,10
6734,10,10
6735,10,10
6736,26,26
6737,26,26
6738,9,9
6739,28,28
6740,0,0
6741,22,22
6742,15,15
6743,17,17
6744,2,2
6745,15,15
6746,13,13
6747,21,21
6748,8,8
6749,20,20
6750,16,16
6751,8,8
6752,15,15
6753,12,12
6754,16,16
6755,2,2
6756,25,25
6757,33,33
6758,2,2
6759,33,33
6760,14,14
6761,28,28
6762,23,23
6763,23,23
6764,16,16
6765,1,1
6766,19,19
6767,3,3
6768,1,1
6769,28,28
6770,22,22
6771,3,3
6772,26,26
6773,7,7
6774,28,28
6775,7,7
6776,15,15
6777,25,25
6778,19,19
6779,11,11
6780,8,8
6781,7,7
6782,12,12
6783,13,13
6784,28,28
6785,25,25
6786,11,11
6787,16,16
6788,31,31
6789,18,18
6790,8,8
6791,12,12
6792,27,27
6793,10,10
6794,29,29
6795,33,33
6796,13,13
6797,30,30
6798,4,4
6799,23,23
6800,0,0
6801,31,31
6802,31,31
6803,26,26
6804,7,7
6805,29,29
6806,17,17
6807,15,15
6808,27,27
6809,25,25
6810,11,11
6811,11,11
6812,20,20
6813,15,15
6814,13,13
6815,29,29
6816,13,13
6817,18,18
6818,11,11
6819,5,5
6820,24,24
6821,22,22
6822,30,30
6823,18,18
6824,9,9
6825,30,30
6826,0,0
6827,2,2
6828,25,25
6829,34,34
6830,21,21
6831,12,12
6832,13,13
6833,20,20
6834,27,27
6835,30,30
6836,18,18
6837,18,18
6838,18,18
6839,0,0
6840,22,22
6841,33,33
6842,6,6
6843,29,29
6844,29,29
6845,17,17
6846,3,3
6847,19,19
6848,19,19
6849,0,0
6850,19,19
6851,0,0
6852,15,15
6853,19,19
6854,23,23
6855,32,32
6856,14,14
6857,32,32
6858,16,16
6859,4,4
6860,17,17
6861,16,16
6862,25,25
6863,14,14
6864,14,14
6865,31,31
6866,34,34
6867,30,30
6868,20,20
6869,16,16
6870,9,9
6871,11,11
6872,20,20
6873,5,5
6874,16,16
6875,14,14
6876,13,13
6877,9,9
6878,14,14
6879,9,9
6880,18,18
6881,31,31
6882,21,21
6883,8,8
6884,21,21
6885,19,19
6886,14,14
6887,31,31
6888,0,0
6889,26,26
6890,10,10
6891,12,12
6892,5,5
6893,31,31
6894,30,30
6895,25,25
6896,22,22
6897,10,10
6898,13,13
6899,9,9
6900,27,27
6901,5,5
6902,13,13
6903,23,23
6904,22,22
6905,18,18
6906,14,14
6907,23,23
6908,30,30
6909,34,34
6910,1,1
6911,30,30
6912,22,22
6913,15,15
6914,31,31
6915,1,1
6916,31,31
6917,10,10
6918,21,21
6919,14,14
6920,34,34
6921,21,21
6922,27,27
6923,27,27
6924,7,7
6925,2,2
6926,2,2
6927,10,10
6928,22,22
6929,1,1
6930,20,20
6931,33,33
6932,27,27
6933,32,32
6934,32,32
6935,16,16
6936,33,33
6937,29,29
6938,34,34
6939,32,32
6940,28,28
6941,2,2
6942,10,10
6943,6,6
6944,15,15
6945,26,26
6946,4,4
6947,15,15
6948,6,6
6949,14,14
6950,27,27
6951,0,0
6952,7,7
6953,14,14
6954,18,18
6955,34,34
6956,19,19
6957,30,30
6958,32,32
6959,20,20
6960,4,4
6961,18,18
6962,13,13
6963,4,4
6964,12,12
6965,18,18
6966,19,19
6967,8,8
6968,9,9
6969,26,26
6970,20,20
6971,8,8
6972,24,24
6973,17,17
6974,20,20
6975,17,17
6976,1,1
6977,9,9
6978,10,10
6979,13,13
6980,34,34
6981,8,8
6982,6,6
6983,2,2
6984,2,2
6985,18,18
6986,20,20
6987,2,2
6988,6,6
6989,33,33
6990,3,3
6991,32,32
6992,30,30
6993,18,18
6994,14,14
6995,21,21
6996,3,3
6997,19,19
6998,31,31
6999,8,8
7000,32,32
7001,3,3
7002,27,27
7003,19,19
7004,33,33
7005,12,12
7006,8,8
7007,21,21
7008,32,32
7009,20,20
7010,27,27
7011,7,7
7012,32,32
7013,9,9
7014,27,27
7015,8,8
7016,0,0
7017,31,31
7018,0,0
7019,27,27
7020,10,10
7021,4,4
7022,18,18
7023,33,33
7024,3,3
7025,1,1
7026,16,16
7027,14,14
7028,16,16
7029,4,4
7030,31,31
7031,4,4
7032,17,17
7033,16,16
7034,25,25
7035,16,16
7036,27,27
7037,26,26
7038,19,19
7039,25,25
7040,19,19
7041,31,31
7042,22,22
7043,23,23
7044,7,7
7045,21,21
7046,5,5
7047,7,7
7048,19,19
7049,20,20
7050,30,30
7051,27,27
7052,1,1
7053,22,22
7054,11,11
7055,21,21
7056,3,3
7057,3,3
7058,12,12
7059,25,25
7060,19,19
7061,26,26
7062,29,29
7063,12,12
7064,17,17
7065,30,30
7066,25,25
7067,2,2
7068,22,22
7069,26,26
7070,15,15
7071,33,33
7072,21,21
7073,28,28
7074,28,28
7075,0,0
7076,32,32
7077,32,32
7078,17,17
7079,30,30
7080,34,34
7081,3,3
7082,18,18
7083,17,17
7084,1,1
7085,9,9
7086,18,18
7087,7,7
7088,28,28
7089,0,0
7090,6,6
7091,15,15
7092,5,5
7093,23,23
7094,22,22
7095,11,11
7096,7,7
7097,5,5
7098,12,12
7099,25,25
7100,23,23
7101,19,19
7102,5,5
7103,33,33
7104,9,9
7105,28,28
7106,31,31
7107,22,22
7108,11,11
7109,6,6
7110,26,26
7111,34,34
7112,29,29
7113,7,7
7114,34,34
7115,10,10
7116,32,32
7117,29,29
7118,0,0
7119,28,28
7120,20,20
7121,18,18
7122,21,21
7123,16,16
7124,24,24
7125,13,13
7126,6,6
7127,13,13
7128,25,25
7129,13,13
7130,13,13
7131,25,25
7132,32,32
7133,1,1
7134,4,4
7135,33,33
7136,4,4
7137,30,30
7138,15,15
7139,13,13
7140,23,23
7141,22,22
7142,1,1
7143,2,2
7144,32,32
7145,0,0
7146,34,34
7147,31,31
7148,21,21
7149,21,21
7150,21,21
7151,21,21
7152,6,6
7153,34,34
7154,10,10
7155,11,11
7156,28,28
7157,4,4
7158,18,18
7159,2,2
7160,34,34
7161,8,8
7162,8,8
7163,8,8
7164,23,23
7165,19,19
7166,26,26
7167,27,27
7168,30,30
7169,30,30
7170,23,23
7171,16,16
7172,33,33
7173,0,0
7174,34,34
7175,2,2
7176,26,26
7177,12,12
7178,17,17
7179,3,3
7180,12,12
7181,23,23
7182,18,18
7183,30,30
7184,27,27
7185,20,20
7186,4,4
7187,6,6
7188,4,4
7189,14,14
7190,27,27
7191,20,20
7192,13,13
7193,16,16
7194,33,33
7195,3,3
7196,32,32
7197,30,30
7198,11,11
7199,11,11
7200,5,5
7201,32,32
7202,30,30
7203,31,31
7204,4,4
7205,12,12
7206,11,11
7207,6,6
7208,30,30
7209,18,18
7210,19,19
7211,8,8
7212,6,6
7213,8,8
7214,12,12
7215,13,13
7216,14,14
7217,25,25
7218,3,3
7219,24,24
7220,11,11
7221,3,3
7222,2,2
7223,0,0
7224,7,7
7225,17,17
7226,25,25
7227,18,18
7228,17,17
7229,25,25
7230,9,9
7231,11,11
7232,20,20
7233,26,26
7234,22,22
7235,2,2
7236,20,20
7237,7,7
7238,20,20
7239,26,26
7240,27,27
7241,20,20
7242,7,7
7243,21,21
7244,24,24
7245,34,34
7246,23,23
7247,29,29
7248,13,13
7249,27,27
7250,25,25
7251,16,16
7252,25,25
7253,19,19
7254,26,26
7255,25,25
7256,31,31
7257,2,2
7258,27,27
7259,10,10
7260,20,20
7261,16,16
7262,12,12
7263,34,34
7264,26,26
7265,24,24
7266,2,2
7267,31,31
7268,24,24
7269,34,34
7270,30,30
7271,17,17
7272,25,25
7273,28,28
7274,32,32
7275,8,8
7276,7,7
7277,25,25
7278,24,24
7279,8,8
7280,4,4
7281,21,21
7282,23,23
7283,26,26
7284,3,3
7285,7,7
7286,25,25
7287,18,18
7288,23,23
7289,26,26
7290,26,26
7291,12,12
7292,31,31
7293,12,12
7294,4,4
7295,19,19
7296,0,0
7297,11,11
7298,7,7
7299,14,14
7300,6,6
7301,11,11
7302,26,26
7303,13,13
7304,4,4
7305,11,11
7306,17,17
7307,8,8
7308,23,23
7309,14,14
7310,0,0
7311,3,3
7312,0,0
7313,11,11
7314,29,29
7315,20,20
7316,12,12
7317,7,7
7318,0,0
7319,16,16
7320,1,1
7321,12,12
7322,16,16
7323,22,22
7324,15,15
7325,34,34
7326,32,32
7327,31,31
7328,17,17
7329,14,14
7330,18,18
7331,13,13
7332,10,10
7333,25,25
7334,31,31
7335,18,18
7336,18,18
7337,22,22
7338,15,15
7339,7,7
7340,19,19
7341,33,33
7342,29,29
7343,17,17
7344,19,19
7345,31,31
7346,15,15
7347,19,19
7348,15,15
7349,10,10
7350,2,2
7351,1,1
7352,21,21
7353,17,17
7354,34,34
7355,9,9
7356,17,17
7357,6,6
7358,22,22
7359,22,22
7360,1,1
7361,26,26
7362,1,1
7363,23,23
7364,2,2
7365,21,21
7366,0,0
7367,28,28
7368,28,28
7369,4,4
7370,33,33
7371,21,21
7372,20,20
7373,22,22
7374,1,1
7375,4,4
7376,11,11
7377,12,12
7378,33,33
7379,33,33
7380,1,1
7381,10,10
7382,29,29
7383,19,19
7384,18,18
7385,16,16
7386,4,4
7387,12,12
7388,9,9
7389,7,7
7390,4,4
7391,2,2
7392,0,0
7393,21,21
7394,31,31
7395,9,9
7396,33,33
7397,7,7
7398,14,14
7399,34,34
7400,23,23
7401,24,24
7402,7,7
7403,25,25
7404,18,18
7405,19,19
7406,30,30
7407,1,1
7408,1,1
7409,34,34
7410,22,22
7411,3,3
7412,20,20
7413,25,25
7414,15,15
7415,21,21
7416,17,17
7417,5,5
7418,28,28
7419,12,12
7420,18,18
7421,9,9
7422,7,7
7423,14,14
7424,14,14
7425,2,2
7426,23,23
7427,18,18
7428,32,32
7429,22,22
7430,15,15
7431,9,9
7432,14,14
7433,24,24
7434,29,29
7435,12,12
7436,9,9
7437,20,20
7438,16,16
7439,31,31
7440,17,17
7441,24,24
7442,7,7
7443,34,34
7444,31,31
7445,28,28
7446,8,8
7447,30,30
7448,2,2
7449,2,2
7450,30,30
7451,17,17
7452,15,15
7453,31,31
7454,23,23
7455,17,17
7456,15,15
7457,16,16
7458,20,20
7459,26,26
7460,33,33
7461,4,4
7462,20,20
7463,26,26
7464,9,9
7465,22,22
7466,8,8
7467,14,14
7468,24,24
7469,18,18
7470,17,17
7471,22,22
7472,20,20
7473,18,18
7474,33,33
7475,33,33
7476,22,22
7477,18,18
7478,10,10
7479,18,18
7480,13,13
7481,12,12
7482,2,2
7483,21,21
7484,9,9
7485,19,19
7486,33,33
7487,7,7
7488,4,4
7489,34,34
7490,1,1
7491,5,5
7492,8,8
7493,28,28
7494,21,21
7495,1,1
7496,28,28
7497,21,21
7498,4,4
7499,33,33
7500,33,33
7501,34,34
7502,14,14
7503,27,27
7504,14,14
7505,25,25
7506,34,34
7507,6,6
7508,24,24
7509,30,30
7510,17,17
7511,13,13
7512,21,21
7513,33,33
7514,11,11
7515,4,4
7516,33,33
7517,33,33
7518,29,29
7519,5,5
7520,19,19
7521,13,13
7522,24,24
7523,19,19
7524,4,4
7525,20,20
7526,18,18
7527,13,13
7528,14,14
7529,1,1
7530,12,12
7531,26,26
7532,29,29
7533,3,3
7534,16,16
7535,17,17
7536,23,23
7537,7,7
7538,1,1
7539,33,33
7540,26,26
7541,32,32
7542,22,22
7543,31,31
7544,21,21
7545,33,33
7546,5,5
7547,34,34
7548,20,20
7549,33,33
7550,23,23
7551,14,14
7552,1,1
7553,13,13
7554,22,22
7555,19,19
7556,18,18
7557,9,9
7558,16,16
7559,6,6
7560,1,1
7561,24,24
7562,14,14
7563,25,25
7564,21,21
7565,7,7
7566,11,11
7567,13,13
7568,5,5
7569,10,10
7570,18,18
7571,16,16
7572,0,0
7573,32,32
7574,34,34
7575,10,10
7576,21,21
7577,16,16
7578,10,10
7579,23,23
7580,24,24
7581,29,29
7582,26,26
7583,4,4
7584,10,10
7585,23,23
7586,32,32
7587,2,2
7588,10,10
7589,12,12
7590,27,27
7591,21,21
7592,31,31
7593,29,29
7594,6,6
7595,21,21
7596,14,14
7597,10,10
7598,13,13
7599,32,32
7600,10,10
7601,27,27
7602,30,30
7603,5,5
7604,6,6
7605,6,6
7606,28,28
7607,6,6
7608,8,8
7609,20,20
7610,7,7
7611,25,25
7612,3,3
7613,16,16
7614,30,30
7615,2,2
7616,24,24
7617,28,28
7618,1,1
7619,34,34
7620,15,15
7621,25,25
7622,11,11
7623,1,1
7624,19,19
7625,32,32
7626,0,0
7627,26,26
7628,4,4
7629,11,11
7630,15,15
7631,2,2
7632,17,17
7633,32,32
7634,14,14
7635,19,19
7636,6,6
7637,18,18
7638,11,11
7639,23,23
7640,7,7
7641,24,24
7642,21,21
7643,13,13
7644,10,10
7645,19,19
7646,5,5
7647,5,5
7648,33,33
7649,26,26
7650,34,34
7651,21,21
7652,5,5
7653,16,16
7654,6,6
7655,9,9
7656,20,20
7657,24,24
7658,10,10
7659,27,27
7660,9,9
7661,11,11
7662,5,5
7663,31,31
7664,28,28
7665,25,25
7666,27,27
7667,4,4
7668,32,32
7669,23,23
7670,7,7
7671,6,6
7672,21,21
7673,23,23
7674,19,19
7675,26,26
7676,32,32
7677,1,1
7678,25,25
7679,25,25
7680,24,24
7681,7,7
7682,28,28
7683,5,5
7684,30,30
7685,0,0
7686,21,21
7687,17,17
7688,1,1
7689,17,17
7690,15,15
7691,27,27
7692,33,33
7693,24,24
7694,8,8
7695,34,34
7696,14,14
7697,16,16
7698,24,24
7699,1,1
7700,24,24
7701,13,13
7702,4,4
7703,26,26
7704,3,3
7705,6,6
7706,31,31
7707,15,15
7708,14,14
7709,31,31
7710,5,5
7711,15,15
7712,3,3
7713,7,7
7714,2,2
7715,12,12
7716,20,20
7717,16,16
7718,21,21
7719,18,18
7720,1,1
7721,1,1
7722,19,19
7723,2,2
7724,5,5
7725,10,10
7726,22,22
7727,28,28
7728,34,34
7729,17,17
7730,12,12
7731,5,5
7732,15,15
7733,8,8
7734,14,14
7735,25,25
7736,12,12
7737,3,3
7738,20,20
7739,17,17
7740,18,18
7741,7,7
7742,31,31
7743,13,13
7744,5,5
7745,18,18
7746,6,6
7747,31,31
7748,22,22
7749,19,19
7750,2,2
7751,3,3
7752,3,3
7753,14,14
7754,11,11
7755,15,15
7756,20,20
7757,14,14
7758,26,26
7759,18,18
7760,25,25
7761,8,8
7762,8,8
7763,20,20
7764,5,5
7765,26,26
7766,8,8
7767,27,27
7768,17,17
7769,24,24
7770,0,0
7771,16,16
7772,30,30
7773,16,16
7774,20,20
7775,28,28
7776,24,24
7777,29,29
7778,13,13
7779,17,17
7780,2,2
7781,8,8
7782,20,20
7783,16,16
7784,1,1
7785,3,3
7786,2,2
7787,18,18
7788,31,31
7789,4,4
7790,33,33
7791,17,17
7792,31,31
7793,30,30
7794,13,13
7795,8,8
7796,1,1
7797,20,20
7798,1,1
7799,27,27
7800,15,15
7801,2,2
7802,12,12
7803,8,8
7804,17,17
7805,24,24
7806,9,9
7807,15,15
7808,10,10
7809,10,10
7810,2,2
7811,31,31
7812,33,33
7813,25,25
7814,2,2
7815,28,28
7816,14,14
7817,12,12
7818,8,8
7819,16,16
7820,30,30
7821,34,34
7822,27,27
7823,20,20
7824,10,10
7825,27,27
7826,9,9
7827,30,30
7828,9,9
7829,3,3
7830,26,26
7831,9,9
7832,6,6
7833,21,21
7834,3,3
7835,7,7
7836,7,7
7837,8,8
7838,24,24
7839,21,21
7840,2,2
7841,18,18
7842,11,11
7843,28,28
7844,11,11
7845,21,21
7846,17,17
7847,22,22
7848,10,10
7849,9,9
7850,30,30
7851,0,0
7852,31,31
7853,26,26
7854,10,10
7855,4,4
7856,12,12
7857,8,8
7858,25,25
7859,0,0
7860,16,16
7861,2,2
7862,4,4
7863,22,22
7864,9,9
7865,8,8
7866,3,3
7867,14,14
7868,31,31
7869,6,6
7870,15,15
7871,13,13
7872,22,22
7873,13,13
7874,26,26
7875,25,25
7876,4,4
7877,1,1
7878,20,20
7879,3,3
7880,27,27
7881,2,2
7882,27,27
7883,32,32
7884,31,31
7885,28,28
7886,17,17
7887,19,19
7888,29,29
7889,33,33
7890,31,31
7891,15,15
7892,15,15
7893,26,26
7894,33,33
7895,24,24
7896,33,33
7897,25,25
7898,21,21
7899,1,1
7900,34,34
7901,21,21
7902,9,9
7903,19,19
7904,12,12
7905,30,30
7906,1,1
7907,28,28
7908,13,13
7909,15,15
7910,7,7
7911,25,25
7912,21,21
7913,6,6
7914,26,26
7915,8,8
7916,32,32
7917,31,31
7918,14,14
7919,13,13
7920,5,5
7921,16,16
7922,31,31
7923,20,20
7924,26,26
7925,30,30
7926,18,18
7927,11,11
7928,20,20
7929,3,3
7930,11,11
7931,24,24
7932,11,11
7933,25,25
7934,4,4
7935,24,24
7936,10,10
7937,20,20
7938,25,25
7939,16,16
7940,32,32
7941,6,6
7942,9,9
7943,30,30
7944,33,33
7945,6,6
7946,9,9
7947,4,4
7948,19,19
7949,34,34
7950,28,28
7951,33,33
7952,27,27
7953,16,16
7954,22,22
7955,27,27
7956,33,33
7957,13,13
7958,16,16
7959,16,16
7960,8,8
7961,11,11
7962,19,19
7963,19,19
7964,8,8
7965,4,4
7966,24,24
7967,23,23
7968,1,1
7969,9,9
7970,13,13
7971,9,9
7972,5,5
7973,32,32
7974,20,20
7975,5,5
7976,7,7
7977,4,4
7978,3,3
7979,8,8
7980,25,25
7981,31,31
7982,28,28
7983,25,25
7984,28,28
7985,2,2
7986,10,10
7987,10,10
7988,24,24
7989,14,14
7990,30,30
7991,4,4
7992,32,32
7993,15,15
7994,22,22
7995,1,1
7996,9,9
7997,19,19
7998,11,11
7999,20,20
8000,8,8
8001,15,15
8002,29,29
8003,12,12
8004,0,0
8005,28,28
8006,22,22
8007,15,15
8008,10,10
8009,14,14
8010,5,5
8011,2,2
8012,18,18
8013,11,11
8014,8,8
8015,13,13
8016,3,3
8017,9,9
8018,23,23
8019,19,19
8020,19,19
8021,1,1
8022,29,23
8023,7,7
8024,4,4
8025,18,18
8026,25,25
8027,33,33
8028,22,22
8029,14,14
8030,32,32
8031,4,4
8032,20,20
8033,19,19
8034,5,5
8035,31,31
8036,28,28
8037,3,3
8038,26,26
8039,6,6
8040,21,21
8041,30,30
8042,4,4
8043,33,33
8044,19,19
8045,26,26
8046,30,30
8047,19,19
8048,10,10
8049,34,34
8050,17,17
8051,16,16
8052,7,7
8053,20,20
8054,11,11
8055,29,29
8056,1,1
8057,24,24
8058,21,21
8059,24,24
8060,24,24
8061,22,22
8062,28,28
8063,11,11
8064,28,28
8065,19,19
8066,25,25
8067,27,27
8068,15,15
8069,19,19
8070,11,11
8071,3,3
8072,23,23
8073,12,12
8074,29,29
8075,13,13
8076,25,25
8077,25,25
8078,16,16
8079,15,15
8080,26,26
8081,8,8
8082,33,33
8083,34,34
8084,11,11
8085,6,6
8086,26,26
8087,28,28
8088,7,7
8089,26,26
8090,18,18
8091,34,34
8092,5,5
8093,17,17
8094,26,26
8095,29,29
8096,17,17
8097,4,4
8098,1,1
8099,11,11
8100,32,32
8101,9,9
8102,30,30
8103,33,33
8104,30,30
8105,26,26
8106,5,5
8107,8,8
8108,32,32
8109,22,22
8110,18,18
8111,16,16
8112,17,17
8113,0,0
8114,16,16
8115,11,11
8116,13,13
8117,3,3
8118,4,4
8119,31,31
8120,32,32
8121,11,11
8122,28,28
8123,11,11
8124,14,14
8125,15,15
8126,26,26
8127,20,20
8128,13,13
8129,25,25
8130,8,8
8131,34,34
8132,11,11
8133,17,17
8134,11,11
8135,21,21
8136,3,3
8137,24,24
8138,29,29
8139,11,11
8140,3,3
8141,27,27
8142,8,8
8143,5,5
8144,22,22
8145,33,33
8146,9,9
8147,22,22
8148,21,21
8149,33,33
8150,34,34
8151,33,33
8152,31,31
8153,24,24
8154,9,9
8155,34,34
8156,17,17
8157,6,6
8158,1,1
8159,22,22
8160,1,1
8161,16,16
8162,30,30
8163,0,0
8164,7,7
8165,23,23
8166,29,29
8167,12,12
8168,14,14
8169,32,32
8170,32,32
8171,21,21
8172,7,7
8173,31,31
8174,9,9
8175,1,1
8176,2,2
8177,11,11
8178,34,34
8179,29,29
8180,19,19
8181,29,29
8182,6,6
8183,0,0
8184,17,17
8185,17,17
8186,29,29
8187,3,3
8188,15,15
8189,17,17
8190,7,7
8191,6,6
8192,19,19
8193,29,29
8194,17,17
8195,2,2
8196,10,10
8197,0,0
8198,0,0
8199,32,32
8200,11,11
8201,31,31
8202,22,22
8203,7,7
8204,17,17
8205,11,11
8206,22,22
8207,13,13
8208,15,15
8209,1,1
8210,0,0
8211,4,4
8212,26,26
8213,18,18
8214,19,19
8215,14,14
8216,21,21
8217,10,10
8218,14,14
8219,0,0
8220,24,24
8221,13,13
8222,13,13
8223,15,15
8224,0,0
8225,28,28
8226,16,16
8227,2,2
8228,14,14
8229,14,14
8230,14,14
8231,4,4
8232,17,17
8233,28,28
8234,3,3
8235,19,19
8236,1,1
8237,12,12
8238,33,33
8239,20,20
8240,3,3
8241,27,27
8242,28,28
8243,33,33
8244,1,1
8245,23,23
8246,19,19
8247,16,16
8248,4,4
8249,11,11
8250,1,1
8251,12,12
8252,1,1
8253,18,18
8254,21,21
8255,27,27
8256,12,12
8257,12,12
8258,20,20
8259,1,1
8260,34,34
8261,4,4
8262,32,32
8263,32,32
8264,14,14
8265,3,3
8266,13,13
8267,19,19
8268,24,24
8269,29,29
8270,24,24
8271,6,6
8272,30,30
8273,13,13
8274,20,20
8275,19,19
8276,15,15
8277,17,17
8278,9,9
8279,9,9
8280,31,31
8281,3,3
8282,19,19
8283,30,30
8284,11,11
8285,30,30
8286,3,3
8287,8,8
8288,27,27
8289,17,17
8290,10,10
8291,19,19
8292,27,27
8293,27,27
8294,20,20
8295,23,23
8296,10,10
8297,18,18
8298,29,29
8299,28,28
8300,30,30
8301,12,12
8302,1,1
8303,12,12
8304,17,17
8305,30,30
8306,21,21
8307,32,32
8308,11,11
8309,30,30
8310,34,34
8311,3,3
8312,4,4
8313,6,6
8314,27,27
8315,6,6
8316,19,19
8317,23,23
8318,9,9
8319,34,34
8320,17,17
8321,9,9
8322,4,4
8323,25,25
8324,16,16
8325,31,31
8326,4,4
8327,20,20
8328,15,15
8329,22,22
8330,32,32
8331,12,12
8332,18,18
8333,11,11
8334,7,7
8335,30,30
8336,33,33
8337,26,26
8338,4,4
8339,12,12
8340,2,2
8341,6,6
8342,0,0
8343,29,29
8344,1,1
8345,31,31
8346,10,10
8347,23,23
8348,12,12
8349,8,8
8350,24,24
8351,10,10
8352,28,28
8353,31,31
8354,21,21
8355,6,6
8356,34,34
8357,24,24
8358,27,27
8359,7,7
8360,6,6
8361,10,10
8362,7,7
8363,31,31
8364,13,13
8365,9,9
8366,2,2
8367,19,19
8368,12,12
8369,10,10
8370,14,14
8371,18,18
8372,15,15
8373,29,29
8374,29,29
8375,5,5
8376,29,29
8377,12,12
8378,23,23
8379,30,30
8380,32,32
8381,19,19
8382,7,7
8383,8,8
8384,23,23
8385,2,2
8386,25,25
8387,3,3
8388,29,29
8389,11,11
8390,10,10
8391,25,25
8392,13,13
8393,6,6
8394,18,18
8395,33,33
8396,16,16
8397,0,0
8398,6,6
8399,18,18
8400,8,8
